{"payload":{"fileName":"/content/drive/My Drive/ToDL Project/ConvNet/ConvNorm/train.py","local_timestamp":1639141874373},"type":"ws_msg"}
{"payload":{"code":"import importlib\ntry:\n    from comet_ml import Experiment as CometExperiment\n    from comet_ml import OfflineExperiment as CometOfflineExperiment\nexcept ImportError:  # pragma: no-cover\n    _COMET_AVAILABLE = False\nelse:\n    _COMET_AVAILABLE = True\n\nfrom utils import Timer\nimport torch\nfrom torch import is_tensor\nfrom typing import Any, Dict, Optional, Union\nclass CometWriter:\n    def __init__(\n        self, \n        logger,\n        project_name: Optional[str] = None,\n        experiment_name: Optional[str] = None,\n        api_key: Optional[str] = None, \n        log_dir: Optional[str] = None, \n        offline: bool = False,\n        **kwargs):\n        if not _COMET_AVAILABLE:\n            raise ImportError(\n                \"You want to use `comet_ml` logger which is not installed yet,\"\n                \" install it with `pip install comet-ml`.\"\n            )\n\n        self.project_name = project_name\n        self.experiment_name = experiment_name\n        self.kwargs = kwargs\n\n        self.timer = Timer()\n\n\n        if (api_key is not None) and (log_dir is not None):\n            self.mode = \"offline\" if offline else \"online\"\n            self.api_key = api_key\n            self.log_dir = log_dir\n\n        elif api_key is not None:\n            self.mode = \"online\"\n            self.api_key = api_key\n            self.log_dir = None\n        elif log_dir is not None:\n            self.mode = \"offline\"\n            self.log_dir = log_dir\n        else:\n            logger.warning(\"CometLogger requires either api_key or save_dir during initialization.\")\n\n        if self.mode == \"online\":\n            self.experiment = CometExperiment(\n                api_key=self.api_key,\n                project_name = self.project_name,\n                **self.kwargs,\n            )\n        else:\n            self.experiment = CometOfflineExperiment(\n                offline_directory=self.log_dir,\n                project_name=self.project_name,\n                **self.kwargs,\n            )\n\n        if self.experiment_name:\n            self.experiment.set_name(self.experiment_name)\n\n    def set_step(self, step, epoch = None, mode='train') -> None:\n        self.mode = mode\n        self.step = step\n        self.epoch = epoch\n        if step == 0:\n            self.timer.reset()\n        else:\n            duration = self.timer.check()\n            self.add_scalar({'steps_per_sec': 1 / duration})\n\n    def log_hyperparams(self, params: Dict[str, Any]) -> None:\n        self.experiment.log_parameters(params)\n    \n    def log_code(self, file_name = None, folder = 'models/') -> None:\n        self.experiment.log_code(file_name=file_name, folder=folder)\n\n\n    def add_scalar(self, metrics: Dict[str, Union[torch.Tensor, float]], step: Optional[int] = None, epoch: Optional[int] = None) -> None:\n        metrics_renamed = {}\n        for key, val in metrics.items():\n            tag = '{}/{}'.format(key, self.mode)\n            if is_tensor(val):\n                metrics_renamed[tag] = val.cpu().detach()\n            else:\n                metrics_renamed[tag] = val\n        if epoch is None:\n            self.experiment.log_metrics(metrics_renamed, step=self.step, epoch=self.epoch)\n        else:\n            self.experiment.log_metrics(metrics_renamed, epoch=epoch)\n\n    def add_plot(self, figure_name, figure):\n        \"\"\"\n        Primarily for log gate plots\n        \"\"\"\n        self.experiment.log_figure(figure_name = figure_name, figure = figure)\n\n    def add_hist3d(self, hist, name):\n        \"\"\"\n        Primarily for log gate plots\n        \"\"\"\n        self.experiment.log_histogram_3d(hist, name = name)\n\n    def reset_experiment(self):\n        self.experiment = None\n\n    def finalize(self) -> None:\n        self.experiment.end()\n        self.reset_experiment()\n                    \n\nclass TensorboardWriter:\n    def __init__(self, log_dir, logger, enabled):\n        self.writer = None\n        self.selected_module = \"\"\n\n        if enabled:\n            log_dir = str(log_dir)\n\n            # Retrieve vizualization writer.\n            succeeded = False\n            for module in [\"torch.utils.tensorboard\", \"tensorboardX\"]:\n                try:\n                    self.writer = importlib.import_module(module).SummaryWriter(log_dir)\n                    succeeded = True\n                    break\n                except ImportError:\n                    succeeded = False\n                self.selected_module = module\n\n            if not succeeded:\n                message = \"Warning: visualization (Tensorboard) is configured to use, but currently not installed on \" \\\n                    \"this machine. Please install either TensorboardX with 'pip install tensorboardx', upgrade \" \\\n                    \"PyTorch to version >= 1.1 for using 'torch.utils.tensorboard' or turn off the option in \" \\\n                    \"the 'config.json' file.\"\n                logger.warning(message)\n\n        self.step = 0\n        self.mode = ''\n\n        self.tb_writer_ftns = {\n            'add_scalar', 'add_scalars', 'add_image', 'add_images', 'add_audio',\n            'add_text', 'add_histogram', 'add_pr_curve', 'add_embedding'\n        }\n        self.tag_mode_exceptions = {'add_histogram', 'add_embedding'}\n            \n        self.timer = Timer()\n\n    def set_step(self, step, mode='train'):\n        self.mode = mode\n        self.step = step\n        if step == 0:\n            self.timer.reset()\n        else:\n            duration = self.timer.check()\n            self.add_scalar('steps_per_sec', 1 / duration)\n\n    def __getattr__(self, name):\n        \"\"\"\n        If visualization is configured to use:\n            return add_data() methods of tensorboard with additional information (step, tag) added.\n        Otherwise:\n            return a blank function handle that does nothing\n        \"\"\"\n        if name in self.tb_writer_ftns:\n            add_data = getattr(self.writer, name, None)\n\n            def wrapper(metric_dict, *args, **kwargs):\n                tag = list(metric_dict.keys())[0]\n                data = metric_dict[tag]\n                if add_data is not None:\n                    # add mode(train/valid) tag\n                    if name not in self.tag_mode_exceptions:\n                        tag = '{}/{}'.format(tag, self.mode)\n                    add_data(tag, data, self.step, *args, **kwargs)\n            return wrapper\n        else:\n            # default action for returning methods defined in this class, set_step() for instance.\n            try:\n                attr = object.__getattr__(name)\n            except AttributeError:\n                raise AttributeError(\"type object '{}' has no attribute '{}'\".format(self.selected_module, name))\n            return attr\n","local_timestamp":1639141874505},"type":"ws_msg"}
{"payload":{"git_meta":{"branch":"refs/heads/main","origin":"https://github.com/shengliu66/ConvNorm.git","parent":"457f4353c0f7f6ef01e61158f18ec1bbcc270d6f","repo_name":"ConvNorm","root":"068c9a4fe9d684c8aa839d63df9334e6aaad6aeb","status":null,"user":null},"local_timestamp":1639141874549},"type":"ws_msg"}
{"payload":{"additional_params":null,"clean":true,"file_path":"tmpn9sxzib6..zip","local_timestamp":1639141874602,"metadata":{},"upload_type":"git-patch"},"type":"file_upload"}
{"payload":{"installed_packages":["absl-py==0.12.0","alabaster==0.7.12","albumentations==0.1.12","altair==4.1.0","appdirs==1.4.4","argcomplete==1.12.3","argon2-cffi==21.1.0","arviz==0.11.4","astor==0.8.1","astropy==4.3.1","astunparse==1.6.3","atari-py==0.2.9","atomicwrites==1.4.0","attrs==21.2.0","audioread==2.1.9","autograd==1.3","babel==2.9.1","backcall==0.2.0","beautifulsoup4==4.6.3","bleach==4.1.0","blis==0.4.1","bokeh==2.3.3","bottleneck==1.3.2","branca==0.4.2","bs4==0.0.1","cachecontrol==0.12.10","cached-property==1.5.2","cachetools==4.2.4","catalogue==1.0.0","certifi==2021.10.8","cffi==1.15.0","cftime==1.5.1.1","chardet==3.0.4","charset-normalizer==2.0.8","click==7.1.2","cloudpickle==1.3.0","cmake==3.12.0","cmdstanpy==0.9.5","colorcet==2.0.6","colorlover==0.3.0","comet-ml==3.2.11","community==1.0.0b1","configobj==5.0.6","contextlib2==0.5.5","convertdate==2.3.2","coverage==3.7.1","coveralls==0.5","crcmod==1.7","cufflinks==0.17.3","cupy-cuda111==9.4.0","cvxopt==1.2.7","cvxpy==1.0.31","cycler==0.11.0","cymem==2.0.6","cython==0.29.24","daft==0.0.4","dask==2.12.0","datascience==0.10.6","debugpy==1.0.0","decorator==4.4.2","defusedxml==0.7.1","descartes==1.1.0","dill==0.3.4","distributed==1.25.3","dlib==19.18.0","dm-tree==0.1.6","docopt==0.6.2","docutils==0.17.1","dopamine-rl==1.0.5","dulwich==0.20.26","earthengine-api==0.1.290","easydict==1.9","ecos==2.0.7.post1","editdistance==0.5.3","en-core-web-sm==2.2.5","entrypoints==0.3","ephem==4.1","et-xmlfile==1.1.0","everett==2.0.1","fa2==0.3.5","fastai==1.0.61","fastdtw==0.3.4","fastprogress==1.0.0","fastrlock==0.8","fbprophet==0.7.1","feather-format==0.4.1","filelock==3.4.0","firebase-admin==4.4.0","fix-yahoo-finance==0.0.22","flask==1.1.4","flatbuffers==2.0","folium==0.8.3","future==0.16.0","gast==0.4.0","gdal==2.2.2","gdown==3.6.4","gensim==3.6.0","geographiclib==1.52","geopy==1.17.0","gin-config==0.5.0","glob2==0.7","google-api-core==1.26.3","google-api-python-client==1.12.8","google-auth-httplib2==0.0.4","google-auth-oauthlib==0.4.6","google-auth==1.35.0","google-cloud-bigquery-storage==1.1.0","google-cloud-bigquery==1.21.0","google-cloud-core==1.0.3","google-cloud-datastore==1.8.0","google-cloud-firestore==1.7.0","google-cloud-language==1.2.0","google-cloud-storage==1.18.1","google-cloud-translate==1.5.0","google-colab==1.0.0","google-pasta==0.2.0","google-resumable-media==0.4.1","google==2.0.3","googleapis-common-protos==1.53.0","googledrivedownloader==0.4","graphviz==0.10.1","greenlet==1.1.2","grpcio==1.42.0","gspread-dataframe==3.0.8","gspread==3.0.1","gym==0.17.3","h5py==3.1.0","heapdict==1.0.1","hijri-converter==2.2.2","holidays==0.10.5.2","holoviews==1.14.6","html5lib==1.0.1","httpimport==0.5.18","httplib2==0.17.4","httplib2shim==0.0.3","humanize==0.5.1","hyperopt==0.1.2","ideep4py==2.0.0.post3","idna==2.10","imageio==2.4.1","imagesize==1.3.0","imbalanced-learn==0.8.1","imblearn==0.0","imgaug==0.2.9","importlib-metadata==4.8.2","importlib-resources==5.4.0","imutils==0.5.4","inflect==2.1.0","iniconfig==1.1.1","intel-openmp==2021.4.0","intervaltree==2.1.0","ipykernel==4.10.1","ipython-genutils==0.2.0","ipython-sql==0.3.9","ipython==5.5.0","ipywidgets==7.6.5","itsdangerous==1.1.0","jax==0.2.25","jaxlib==0.1.71+cuda111","jdcal==1.4.1","jedi==0.18.1","jieba==0.42.1","jinja2==2.11.3","joblib==1.1.0","jpeg4py==0.1.4","jsonschema==2.6.0","jupyter-client==5.3.5","jupyter-console==5.2.0","jupyter-core==4.9.1","jupyter==1.0.0","jupyterlab-pygments==0.1.2","jupyterlab-widgets==1.0.2","kaggle==1.5.12","kapre==0.3.6","keras-preprocessing==1.1.2","keras-vis==0.4.1","keras==2.7.0","kiwisolver==1.3.2","korean-lunar-calendar==0.2.1","libclang==12.0.0","librosa==0.8.1","lightgbm==2.2.3","llvmlite==0.34.0","lmdb==0.99","lunarcalendar==0.0.9","lxml==4.2.6","markdown==3.3.6","markupsafe==2.0.1","matplotlib-inline==0.1.3","matplotlib-venn==0.11.6","matplotlib==3.3.2","missingno==0.5.0","mistune==0.8.4","mizani==0.6.0","mkl==2019.0","mlxtend==0.14.0","more-itertools==8.12.0","moviepy==0.2.3.5","mpmath==1.2.1","msgpack==1.0.3","multiprocess==0.70.12.2","multitasking==0.0.10","murmurhash==1.0.6","music21==5.5.0","natsort==5.5.0","nbclient==0.5.9","nbconvert==5.6.1","nbformat==5.1.3","nest-asyncio==1.5.4","netcdf4==1.5.8","netifaces==0.11.0","networkx==2.6.3","nibabel==3.0.2","nltk==3.2.5","notebook==5.3.1","numba==0.51.2","numexpr==2.7.3","numpy==1.19.2","nvidia-ml-py3==7.352.0","oauth2client==4.1.3","oauthlib==3.1.1","okgrade==0.4.3","opencv-contrib-python==4.1.2.30","opencv-python==4.1.2.30","openpyxl==2.5.9","opt-einsum==3.3.0","osqp==0.6.2.post0","packaging==21.3","palettable==3.3.0","pandas-datareader==0.9.0","pandas-gbq==0.13.3","pandas-profiling==1.4.1","pandas==1.1.5","pandocfilters==1.5.0","panel==0.12.1","param==1.12.0","parso==0.8.3","pathlib==1.0.1","patsy==0.5.2","pep517==0.12.0","pexpect==4.8.0","pickleshare==0.7.5","pillow==7.1.2","pip-tools==6.2.0","pip==21.1.3","plac==1.1.3","plotly==4.4.1","plotnine==0.6.0","pluggy==0.7.1","pooch==1.5.2","portpicker==1.3.9","prefetch-generator==1.0.1","preshed==3.0.6","prettytable==2.4.0","progressbar2==3.38.0","prometheus-client==0.12.0","promise==2.3","prompt-toolkit==1.0.18","protobuf==3.17.3","psutil==5.4.8","psycopg2==2.7.6.1","ptyprocess==0.7.0","py==1.11.0","pyarrow==3.0.0","pyasn1-modules==0.2.8","pyasn1==0.4.8","pycocotools==2.0.3","pycparser==2.21","pyct==0.4.8","pydata-google-auth==1.2.0","pydot-ng==2.0.0","pydot==1.3.0","pydotplus==2.0.2","pydrive==1.3.1","pyemd==0.5.1","pyerfa==2.0.0.1","pyglet==1.5.0","pygments==2.6.1","pygobject==3.26.1","pymc3==3.11.4","pymeeus==0.5.11","pymongo==3.12.1","pymystem3==0.2.0","pyopengl==3.1.5","pyparsing==3.0.6","pyrsistent==0.18.0","pysndfile==1.3.8","pysocks==1.7.1","pystan==2.19.1.1","pytest==3.6.4","python-apt==0.0.0","python-chess==0.23.11","python-dateutil==2.8.2","python-louvain==0.15","python-slugify==5.0.2","python-utils==2.5.6","pytz==2018.9","pyviz-comms==2.1.0","pywavelets==1.2.0","pyyaml==3.13","pyzmq==22.3.0","qdldl==0.1.5.post0","qtconsole==5.2.1","qtpy==1.11.2","regex==2019.12.20","requests-oauthlib==1.3.0","requests==2.23.0","resampy==0.2.2","retrying==1.3.3","rpy2==3.4.5","rsa==4.8","scikit-image==0.18.3","scikit-learn==0.23.2","scipy==1.4.1","scs==2.1.4","seaborn==0.11.2","semver==2.13.0","send2trash==1.8.0","setuptools-git==1.2","setuptools==57.4.0","shapely==1.8.0","simplegeneric==0.8.1","six==1.15.0","sklearn-pandas==1.8.0","sklearn==0.0","smart-open==5.2.1","snowballstemmer==2.2.0","sortedcontainers==2.4.0","soundfile==0.10.3.post1","spacy==2.2.4","sphinx==1.8.6","sphinxcontrib-serializinghtml==1.1.5","sphinxcontrib-websupport==1.2.4","sqlalchemy==1.4.27","sqlparse==0.4.2","srsly==1.0.5","statsmodels==0.10.2","sympy==1.7.1","tables==3.4.4","tabulate==0.8.9","tblib==1.7.0","tensorboard-data-server==0.6.1","tensorboard-plugin-wit==1.8.0","tensorboard==2.7.0","tensorflow-datasets==4.0.1","tensorflow-estimator==2.7.0","tensorflow-gcs-config==2.7.0","tensorflow-hub==0.12.0","tensorflow-io-gcs-filesystem==0.22.0","tensorflow-metadata==1.4.0","tensorflow-probability==0.15.0","tensorflow==2.7.0","termcolor==1.1.0","terminado==0.12.1","testpath==0.5.0","text-unidecode==1.3","textblob==0.15.3","theano-pymc==1.1.2","thinc==7.4.0","threadpoolctl==3.0.0","tifffile==2021.11.2","toml==0.10.2","tomli==1.2.2","toolz==0.11.2","torch==1.7.1+cu110","torchaudio==0.7.2","torchsummary==1.5.1","torchtext==0.11.0","torchvision==0.8.2+cu110","tornado==5.1.1","tqdm==4.62.3","traitlets==5.1.1","tweepy==3.10.0","typeguard==2.7.1","typing-extensions==3.10.0.2","tzlocal==1.5.1","uritemplate==3.0.1","urllib3==1.24.3","vega-datasets==0.9.0","wasabi==0.8.2","wcwidth==0.2.5","webencodings==0.5.1","websocket-client==1.2.3","werkzeug==1.0.1","wheel==0.37.0","widgetsnbextension==3.5.2","wordcloud==1.5.0","wrapt==1.13.3","wurlitzer==3.0.2","xarray==0.18.2","xgboost==0.90","xlrd==1.1.0","xlwt==1.3.0","yellowbrick==1.3.post1","zict==2.0.0","zipp==3.6.0"],"local_timestamp":1639141874603},"type":"ws_msg"}
{"payload":{"local_timestamp":1639141874631,"os_packages":["adduser=3.116ubuntu1","adwaita-icon-theme=3.28.0-1ubuntu1","apt-utils=1.6.14","apt=1.6.14","base-files=10.1ubuntu2.10","base-passwd=3.5.44","bash=4.4.18-2ubuntu1.2","binutils-common=2.30-21ubuntu1~18.04.4","binutils-x86-64-linux-gnu=2.30-21ubuntu1~18.04.4","binutils=2.30-21ubuntu1~18.04.4","blt=2.5.3+dfsg-4","bsdmainutils=11.1.2ubuntu1","bsdutils=1:2.31.1-0.4ubuntu3.7","build-essential=12.4ubuntu1","bzip2=1.0.6-8.1ubuntu0.2","ca-certificates-java=20180516ubuntu1~18.04.1","ca-certificates=20210119~18.04.2","clang-6.0=1:6.0-1ubuntu2","clang=1:6.0-41~exp5~ubuntu1","clinfo=2.2.18.03.26-1","cmake-data=3.10.2-1ubuntu2.18.04.2","cmake=3.10.2-1ubuntu2.18.04.2","coreutils=8.28-1ubuntu1","cpp-7=7.5.0-3ubuntu1~18.04","cpp=4:7.4.0-1ubuntu2.3","cuda-command-line-tools-11-0=11.0.3-1","cuda-compiler-11-0=11.0.3-1","cuda-cublas-10-0=10.0.130-1","cuda-cudart-10-0=10.0.130-1","cuda-cudart-10-1=10.1.243-1","cuda-cudart-11-0=11.0.221-1","cuda-cudart-11-1=11.1.74-1","cuda-cudart-dev-10-0=10.0.130-1","cuda-cudart-dev-10-1=10.1.243-1","cuda-cudart-dev-11-0=11.0.221-1","cuda-cufft-10-0=10.0.130-1","cuda-cufft-10-1=10.1.243-1","cuda-cuobjdump-11-0=11.0.221-1","cuda-cupti-10-0=10.0.130-1","cuda-cupti-10-1=10.1.243-1","cuda-cupti-11-0=11.0.221-1","cuda-cupti-dev-11-0=11.0.221-1","cuda-curand-10-0=10.0.130-1","cuda-curand-10-1=10.1.243-1","cuda-cusolver-10-0=10.0.130-1","cuda-cusolver-10-1=10.1.243-1","cuda-cusparse-10-0=10.0.130-1","cuda-cusparse-10-1=10.1.243-1","cuda-documentation-11-0=11.0.228-1","cuda-driver-dev-11-0=11.0.221-1","cuda-gdb-11-0=11.0.221-1","cuda-libraries-11-0=11.0.3-1","cuda-libraries-dev-11-0=11.0.3-1","cuda-memcheck-11-0=11.0.221-1","cuda-npp-10-0=10.0.130-1","cuda-npp-10-1=10.1.243-1","cuda-nsight-11-0=11.0.221-1","cuda-nsight-compute-10-0=10.0.130-1","cuda-nsight-compute-11-0=11.0.3-1","cuda-nsight-systems-11-0=11.0.3-1","cuda-nvcc-10-0=10.0.130-1","cuda-nvcc-10-1=10.1.243-1","cuda-nvcc-11-0=11.0.221-1","cuda-nvdisasm-11-0=11.0.221-1","cuda-nvgraph-10-0=10.0.130-1","cuda-nvgraph-10-1=10.1.243-1","cuda-nvjpeg-10-1=10.1.243-1","cuda-nvml-dev-11-0=11.0.167-1","cuda-nvprof-10-0=10.0.130-1","cuda-nvprof-10-1=10.1.243-1","cuda-nvprof-11-0=11.0.221-1","cuda-nvprune-11-0=11.0.221-1","cuda-nvrtc-10-0=10.0.130-1","cuda-nvrtc-10-1=10.1.243-1","cuda-nvrtc-11-0=11.0.221-1","cuda-nvrtc-dev-11-0=11.0.221-1","cuda-nvtx-10-0=10.0.130-1","cuda-nvtx-10-1=10.1.243-1","cuda-nvtx-11-0=11.0.167-1","cuda-nvvp-11-0=11.0.221-1","cuda-samples-11-0=11.0.221-1","cuda-sanitizer-11-0=11.0.221-1","cuda-sanitizer-api-10-1=10.1.243-1","cuda-toolkit-11-0=11.0.3-1","cuda-tools-11-0=11.0.3-1","cuda-visual-tools-11-0=11.0.3-1","curl=7.58.0-2ubuntu3.16","dash=0.5.8-2.10","dbus=1.12.2-1ubuntu1.2","dconf-gsettings-backend=0.26.0-2ubuntu3","dconf-service=0.26.0-2ubuntu3","debconf=1.5.66ubuntu1","debianutils=4.8.4","default-jre-headless=2:1.11-68ubuntu1~18.04.1","default-jre=2:1.11-68ubuntu1~18.04.1","default-libmysqlclient-dev=1.0.4","dh-python=3.20180325ubuntu2","diffutils=1:3.6-1","dirmngr=2.2.4-1ubuntu1.4","distro-info-data=0.37ubuntu0.13","dkms=2.3-3ubuntu9.7","dpkg-dev=1.19.0.5ubuntu2.3","dpkg=1.19.0.5ubuntu2.3","e2fsprogs=1.44.1-1ubuntu1.3","fdisk=2.31.1-0.4ubuntu3.7","ffmpeg=7:3.4.8-0ubuntu0.2","findutils=4.6.0+git+20170828-2","fio=3.1-1","fontconfig-config=2.12.6-0ubuntu2","fontconfig=2.12.6-0ubuntu2","fonts-dejavu-core=2.37-1","fonts-dejavu-extra=2.37-1","fonts-humor-sans=1.0-3","fonts-liberation=1:1.07.4-7~18.04.1","freeglut3-dev=2.8.1-3","freeglut3=2.8.1-3","fuse=2.9.7-1ubuntu1","g++-7=7.5.0-3ubuntu1~18.04","g++=4:7.4.0-1ubuntu2.3","gcc-7-base=7.5.0-3ubuntu1~18.04","gcc-7=7.5.0-3ubuntu1~18.04","gcc-8-base=8.4.0-1ubuntu1~18.04","gcc=4:7.4.0-1ubuntu2.3","gdal-bin=2.2.3+dfsg-2","gdal-data=2.2.3+dfsg-2","gfortran-7=7.5.0-3ubuntu1~18.04","gfortran=4:7.4.0-1ubuntu2.3","gir1.2-glib-2.0=1.56.1-1","gir1.2-harfbuzz-0.0=1.7.2-1ubuntu1","git-man=1:2.17.1-1ubuntu0.9","git=1:2.17.1-1ubuntu0.9","glib-networking-common=2.56.0-1ubuntu0.1","glib-networking-services=2.56.0-1ubuntu0.1","glib-networking=2.56.0-1ubuntu0.1","gnupg-l10n=2.2.4-1ubuntu1.4","gnupg-utils=2.2.4-1ubuntu1.4","gnupg2=2.2.4-1ubuntu1.3","gnupg=2.2.4-1ubuntu1.4","google-perftools=2.5-2.2ubuntu3","gpg-agent=2.2.4-1ubuntu1.4","gpg-wks-client=2.2.4-1ubuntu1.4","gpg-wks-server=2.2.4-1ubuntu1.4","gpg=2.2.4-1ubuntu1.4","gpgconf=2.2.4-1ubuntu1.4","gpgsm=2.2.4-1ubuntu1.4","gpgv=2.2.4-1ubuntu1.4","graphviz=2.40.1-2","grep=3.1-2build1","groff-base=1.22.3-10","gsettings-desktop-schemas=3.28.0-1ubuntu1","gtk-update-icon-cache=3.22.30-1ubuntu4","gzip=1.6-5ubuntu1","hdf5-helpers=1.10.0-patch1+docs-4","hicolor-icon-theme=0.17-2","hostname=3.20","humanity-icon-theme=0.6.15","ibverbs-providers=17.1-1ubuntu0.2","icu-devtools=60.2-3ubuntu3.2","init-system-helpers=1.51","iso-codes=3.79-1","java-common=0.68ubuntu1~18.04.1","keyboard-configuration=1.178ubuntu2.9","kmod=24-1ubuntu3.5","less=487-0.1","lib32gcc1=1:8.4.0-1ubuntu1~18.04","lib32stdc++6=8.4.0-1ubuntu1~18.04","libacl1=2.2.52-3build1","libaec-dev=0.3.2-2","libaec0=0.3.2-2","libaio1=0.3.110-5ubuntu0.1","libann0=1.1.2+doc-6","libapparmor1=2.12-4ubuntu5.1","libapt-inst2.0=1.6.14","libapt-pkg-dev=1.6.14","libapt-pkg5.0=1.6.14","libarchive13=3.2.2-3.1ubuntu0.7","libarmadillo-dev=1:8.400.0+dfsg-2","libarmadillo8=1:8.400.0+dfsg-2","libarpack2-dev=3.5.0+real-2","libarpack2=3.5.0+real-2","libasan4=7.5.0-3ubuntu1~18.04","libasn1-8-heimdal=7.5.0+dfsg-1","libasound2-data=1.1.3-5ubuntu0.6","libasound2-dev=1.1.3-5ubuntu0.6","libasound2=1.1.3-5ubuntu0.6","libass9=1:0.14.0-1","libassuan0=2.5.1-2","libasyncns0=0.8-6","libatk-bridge2.0-0=2.26.2-1","libatk-wrapper-java-jni=0.33.3-20ubuntu0.1","libatk-wrapper-java=0.33.3-20ubuntu0.1","libatk1.0-0=2.28.1-1","libatk1.0-data=2.28.1-1","libatlas-base-dev=3.10.3-5","libatlas3-base=3.10.3-5","libatomic1=8.4.0-1ubuntu1~18.04","libatspi2.0-0=2.28.0-1","libattr1=1:2.4.47-2build1","libaudit-common=1:2.8.2-1ubuntu1","libaudit1=1:2.8.2-1ubuntu1","libavahi-client3=0.7-3.1ubuntu1.3","libavahi-common-data=0.7-3.1ubuntu1.3","libavahi-common3=0.7-3.1ubuntu1.3","libavc1394-0=0.5.4-4build1","libavcodec-dev=7:3.4.8-0ubuntu0.2","libavcodec57=7:3.4.8-0ubuntu0.2","libavdevice57=7:3.4.8-0ubuntu0.2","libavfilter6=7:3.4.8-0ubuntu0.2","libavformat-dev=7:3.4.8-0ubuntu0.2","libavformat57=7:3.4.8-0ubuntu0.2","libavresample-dev=7:3.4.8-0ubuntu0.2","libavresample3=7:3.4.8-0ubuntu0.2","libavutil-dev=7:3.4.8-0ubuntu0.2","libavutil55=7:3.4.8-0ubuntu0.2","libbinutils=2.30-21ubuntu1~18.04.4","libblas-dev=3.7.1-4ubuntu1","libblas3=3.7.1-4ubuntu1","libblkid1=2.31.1-0.4ubuntu3.7","libblocksruntime-dev=0.4.1-1.1","libblocksruntime0=0.4.1-1.1","libbluray2=1:1.0.2-3","libboost-all-dev=1.65.1.0ubuntu1","libboost-atomic-dev=1.65.1.0ubuntu1","libboost-atomic1.65-dev=1.65.1+dfsg-0ubuntu5","libboost-atomic1.65.1=1.65.1+dfsg-0ubuntu5","libboost-chrono-dev=1.65.1.0ubuntu1","libboost-chrono1.65-dev=1.65.1+dfsg-0ubuntu5","libboost-chrono1.65.1=1.65.1+dfsg-0ubuntu5","libboost-container-dev=1.65.1.0ubuntu1","libboost-container1.65-dev=1.65.1+dfsg-0ubuntu5","libboost-container1.65.1=1.65.1+dfsg-0ubuntu5","libboost-context-dev=1.65.1.0ubuntu1","libboost-context1.65-dev=1.65.1+dfsg-0ubuntu5","libboost-context1.65.1=1.65.1+dfsg-0ubuntu5","libboost-coroutine-dev=1.65.1.0ubuntu1","libboost-coroutine1.65-dev=1.65.1+dfsg-0ubuntu5","libboost-coroutine1.65.1=1.65.1+dfsg-0ubuntu5","libboost-date-time-dev=1.65.1.0ubuntu1","libboost-date-time1.65-dev=1.65.1+dfsg-0ubuntu5","libboost-date-time1.65.1=1.65.1+dfsg-0ubuntu5","libboost-dev=1.65.1.0ubuntu1","libboost-exception-dev=1.65.1.0ubuntu1","libboost-exception1.65-dev=1.65.1+dfsg-0ubuntu5","libboost-fiber-dev=1.65.1.0ubuntu1","libboost-fiber1.65-dev=1.65.1+dfsg-0ubuntu5","libboost-fiber1.65.1=1.65.1+dfsg-0ubuntu5","libboost-filesystem-dev=1.65.1.0ubuntu1","libboost-filesystem1.65-dev=1.65.1+dfsg-0ubuntu5","libboost-filesystem1.65.1=1.65.1+dfsg-0ubuntu5","libboost-graph-dev=1.65.1.0ubuntu1","libboost-graph-parallel-dev=1.65.1.0ubuntu1","libboost-graph-parallel1.65-dev=1.65.1+dfsg-0ubuntu5","libboost-graph-parallel1.65.1=1.65.1+dfsg-0ubuntu5","libboost-graph1.65-dev=1.65.1+dfsg-0ubuntu5","libboost-graph1.65.1=1.65.1+dfsg-0ubuntu5","libboost-iostreams-dev=1.65.1.0ubuntu1","libboost-iostreams1.65-dev=1.65.1+dfsg-0ubuntu5","libboost-iostreams1.65.1=1.65.1+dfsg-0ubuntu5","libboost-locale-dev=1.65.1.0ubuntu1","libboost-locale1.65-dev=1.65.1+dfsg-0ubuntu5","libboost-locale1.65.1=1.65.1+dfsg-0ubuntu5","libboost-log-dev=1.65.1.0ubuntu1","libboost-log1.65-dev=1.65.1+dfsg-0ubuntu5","libboost-log1.65.1=1.65.1+dfsg-0ubuntu5","libboost-math-dev=1.65.1.0ubuntu1","libboost-math1.65-dev=1.65.1+dfsg-0ubuntu5","libboost-math1.65.1=1.65.1+dfsg-0ubuntu5","libboost-mpi-dev=1.65.1.0ubuntu1","libboost-mpi-python-dev=1.65.1.0ubuntu1","libboost-mpi-python1.65-dev=1.65.1+dfsg-0ubuntu5","libboost-mpi-python1.65.1=1.65.1+dfsg-0ubuntu5","libboost-mpi1.65-dev=1.65.1+dfsg-0ubuntu5","libboost-mpi1.65.1=1.65.1+dfsg-0ubuntu5","libboost-numpy-dev=1.65.1.0ubuntu1","libboost-numpy1.65-dev=1.65.1+dfsg-0ubuntu5","libboost-numpy1.65.1=1.65.1+dfsg-0ubuntu5","libboost-program-options-dev=1.65.1.0ubuntu1","libboost-program-options1.65-dev=1.65.1+dfsg-0ubuntu5","libboost-program-options1.65.1=1.65.1+dfsg-0ubuntu5","libboost-python-dev=1.65.1.0ubuntu1","libboost-python1.65-dev=1.65.1+dfsg-0ubuntu5","libboost-python1.65.1=1.65.1+dfsg-0ubuntu5","libboost-random-dev=1.65.1.0ubuntu1","libboost-random1.65-dev=1.65.1+dfsg-0ubuntu5","libboost-random1.65.1=1.65.1+dfsg-0ubuntu5","libboost-regex-dev=1.65.1.0ubuntu1","libboost-regex1.65-dev=1.65.1+dfsg-0ubuntu5","libboost-regex1.65.1=1.65.1+dfsg-0ubuntu5","libboost-serialization-dev=1.65.1.0ubuntu1","libboost-serialization1.65-dev=1.65.1+dfsg-0ubuntu5","libboost-serialization1.65.1=1.65.1+dfsg-0ubuntu5","libboost-signals-dev=1.65.1.0ubuntu1","libboost-signals1.65-dev=1.65.1+dfsg-0ubuntu5","libboost-signals1.65.1=1.65.1+dfsg-0ubuntu5","libboost-stacktrace-dev=1.65.1.0ubuntu1","libboost-stacktrace1.65-dev=1.65.1+dfsg-0ubuntu5","libboost-stacktrace1.65.1=1.65.1+dfsg-0ubuntu5","libboost-system-dev=1.65.1.0ubuntu1","libboost-system1.65-dev=1.65.1+dfsg-0ubuntu5","libboost-system1.65.1=1.65.1+dfsg-0ubuntu5","libboost-test-dev=1.65.1.0ubuntu1","libboost-test1.65-dev=1.65.1+dfsg-0ubuntu5","libboost-test1.65.1=1.65.1+dfsg-0ubuntu5","libboost-thread-dev=1.65.1.0ubuntu1","libboost-thread1.65-dev=1.65.1+dfsg-0ubuntu5","libboost-thread1.65.1=1.65.1+dfsg-0ubuntu5","libboost-timer-dev=1.65.1.0ubuntu1","libboost-timer1.65-dev=1.65.1+dfsg-0ubuntu5","libboost-timer1.65.1=1.65.1+dfsg-0ubuntu5","libboost-tools-dev=1.65.1.0ubuntu1","libboost-type-erasure-dev=1.65.1.0ubuntu1","libboost-type-erasure1.65-dev=1.65.1+dfsg-0ubuntu5","libboost-type-erasure1.65.1=1.65.1+dfsg-0ubuntu5","libboost-wave-dev=1.65.1.0ubuntu1","libboost-wave1.65-dev=1.65.1+dfsg-0ubuntu5","libboost-wave1.65.1=1.65.1+dfsg-0ubuntu5","libboost1.65-dev=1.65.1+dfsg-0ubuntu5","libboost1.65-tools-dev=1.65.1+dfsg-0ubuntu5","libbs2b0=3.1.0+dfsg-2.2","libbsd0=0.8.7-1ubuntu0.1","libbz2-1.0=1.0.6-8.1ubuntu0.2","libbz2-dev=1.0.6-8.1ubuntu0.2","libc-bin=2.27-3ubuntu1.3","libc-dev-bin=2.27-3ubuntu1.4","libc6-dev=2.27-3ubuntu1.4","libc6-i386=2.27-3ubuntu1.4","libc6=2.27-3ubuntu1.4","libcaca0=0.99.beta19-2ubuntu0.18.04.3","libcairo-gobject2=1.15.10-2ubuntu0.1","libcairo2=1.15.10-2ubuntu0.1","libcap-ng0=0.7.7-3.1","libcc1-0=8.4.0-1ubuntu1~18.04","libcdio-cdda2=10.2+0.94+2-2build1","libcdio-paranoia2=10.2+0.94+2-2build1","libcdio17=1.0.0-2ubuntu2","libcdt5=2.40.1-2","libcgraph6=2.40.1-2","libcharls1=1.1.0+dfsg-2","libchromaprint1=1.4.3-1","libcilkrts5=7.5.0-3ubuntu1~18.04","libclang-common-6.0-dev=1:6.0-1ubuntu2","libclang1-6.0=1:6.0-1ubuntu2","libcolord2=1.3.3-2build1","libcom-err2=1.44.1-1ubuntu1.3","libcroco3=0.6.12-2","libcrystalhd3=1:0.0~git20110715.fdd2f19-12","libcublas-11-0=11.2.0.252-1","libcublas-11-1=11.3.0.106-1","libcublas-dev-11-0=11.2.0.252-1","libcublas-dev-11-1=11.3.0.106-1","libcublas-dev=10.2.3.254-1","libcublas10=10.2.3.254-1","libcudnn7-dev=7.6.5.32-1+cuda10.1","libcudnn7=7.6.5.32-1+cuda10.1","libcudnn8-dev=8.0.5.39-1+cuda11.1","libcudnn8=8.0.5.39-1+cuda11.1","libcufft-11-0=10.2.1.245-1","libcufft-dev-11-0=10.2.1.245-1","libcups2=2.2.7-1ubuntu2.8","libcurand-11-0=10.2.1.245-1","libcurand-dev-11-0=10.2.1.245-1","libcurl3-gnutls=7.58.0-2ubuntu3.16","libcurl4-openssl-dev=7.58.0-2ubuntu3.16","libcurl4=7.58.0-2ubuntu3.16","libcusolver-11-0=10.6.0.245-1","libcusolver-dev-11-0=10.6.0.245-1","libcusparse-11-0=11.1.1.245-1","libcusparse-11-1=11.3.0.10-1","libcusparse-dev-11-0=11.1.1.245-1","libcusparse-dev-11-1=11.3.0.10-1","libdap-dev=3.19.1-2build1","libdap25=3.19.1-2build1","libdapclient6v5=3.19.1-2build1","libdapserver7v5=3.19.1-2build1","libdatrie1=0.2.10-7","libdb5.3=5.3.28-13.1ubuntu1.1","libdbus-1-3=1.12.2-1ubuntu1.2","libdc1394-22-dev=2.2.5-1","libdc1394-22=2.2.5-1","libdconf1=0.26.0-2ubuntu3","libdebconfclient0=0.213ubuntu1","libdouble-conversion1=2.0.1-4ubuntu1","libdpkg-perl=1.19.0.5ubuntu2.3","libdrm-amdgpu1=2.4.101-2~18.04.1","libdrm-common=2.4.101-2~18.04.1","libdrm-dev=2.4.101-2~18.04.1","libdrm-intel1=2.4.101-2~18.04.1","libdrm-nouveau2=2.4.101-2~18.04.1","libdrm-radeon1=2.4.101-2~18.04.1","libdrm2=2.4.101-2~18.04.1","libedit2=3.1-20170329-1","libegl-mesa0=20.0.8-0ubuntu1~18.04.1","libegl1-mesa-dev=20.0.8-0ubuntu1~18.04.1","libegl1=1.0.0-2ubuntu2.3","libelf1=0.170-0.4ubuntu0.1","libepoxy0=1.4.3-1","libepsilon-dev=0.9.2+dfsg-2","libepsilon1=0.9.2+dfsg-2","liberror-perl=0.17025-1","libevdev2=1.5.8+dfsg-1ubuntu0.1","libevent-2.1-6=2.1.8-stable-4build1","libexif-dev=0.6.21-4ubuntu0.6","libexif12=0.6.21-4ubuntu0.6","libexpat1-dev=2.2.5-3ubuntu0.2","libexpat1=2.2.5-3ubuntu0.2","libext2fs2=1.44.1-1ubuntu1.3","libfabric1=1.5.3-1","libfdisk1=2.31.1-0.4ubuntu3.7","libffi6=3.2.1-8","libfftw3-double3=3.3.7-1","libflac-dev=1.3.2-1","libflac8=1.3.2-1","libflite1=2.1-release-1","libfontconfig1-dev=2.12.6-0ubuntu2","libfontconfig1=2.12.6-0ubuntu2","libfontenc1=1:1.1.3-1","libfreetype6-dev=2.8.1-2ubuntu2.1","libfreetype6=2.8.1-2ubuntu2.1","libfreexl-dev=1.0.5-1","libfreexl1=1.0.5-1","libfribidi0=0.19.7-2","libfuse2=2.9.7-1ubuntu1","libfyba-dev=4.1.1-3","libfyba0=4.1.1-3","libgbm1=20.0.8-0ubuntu1~18.04.1","libgc1c2=1:7.4.2-8ubuntu1","libgcc-7-dev=7.5.0-3ubuntu1~18.04","libgcc1=1:8.4.0-1ubuntu1~18.04","libgcrypt20-dev=1.8.1-4ubuntu1.3","libgcrypt20=1.8.1-4ubuntu1.3","libgd3=2.2.5-4ubuntu0.5","libgdal-dev=2.2.3+dfsg-2","libgdal20=2.2.3+dfsg-2","libgdbm-compat4=1.14.1-6","libgdbm5=1.14.1-6","libgdcm2-dev=2.8.4-1build2","libgdcm2.8=2.8.4-1build2","libgdk-pixbuf2.0-0=2.36.11-2","libgdk-pixbuf2.0-common=2.36.11-2","libgeos-3.6.2=3.6.2-1build2","libgeos-c1v5=3.6.2-1build2","libgeos-dev=3.6.2-1build2","libgeotiff-dev=1.4.2-2build1","libgeotiff2=1.4.2-2build1","libgfortran-7-dev=7.5.0-3ubuntu1~18.04","libgfortran4=7.5.0-3ubuntu1~18.04","libgif-dev=5.1.4-2ubuntu0.1","libgif7=5.1.4-2ubuntu0.1","libgirepository-1.0-1=1.56.1-1","libgit2-27=0.27.7+dfsg.1-bionic0","libgit2-dev=0.27.7+dfsg.1-bionic0","libgl1-mesa-dev=20.0.8-0ubuntu1~18.04.1","libgl1-mesa-dri=20.0.8-0ubuntu1~18.04.1","libgl1=1.0.0-2ubuntu2.3","libgl2ps1.4=1.4.0+dfsg1-1","libglapi-mesa=20.0.8-0ubuntu1~18.04.1","libgles1=1.0.0-2ubuntu2.3","libgles2-mesa-dev=20.0.8-0ubuntu1~18.04.1","libgles2=1.0.0-2ubuntu2.3","libglib2.0-0=2.56.4-0ubuntu0.18.04.8","libglib2.0-bin=2.56.4-0ubuntu0.18.04.8","libglib2.0-data=2.56.4-0ubuntu0.18.04.8","libglib2.0-dev-bin=2.56.4-0ubuntu0.18.04.8","libglib2.0-dev=2.56.4-0ubuntu0.18.04.8","libglu1-mesa-dev=9.0.0-2.1build1","libglu1-mesa=9.0.0-2.1build1","libglvnd-core-dev=1.0.0-2ubuntu2.3","libglvnd-dev=1.0.0-2ubuntu2.3","libglvnd0=1.0.0-2ubuntu2.3","libglx-mesa0=20.0.8-0ubuntu1~18.04.1","libglx0=1.0.0-2ubuntu2.3","libgme0=0.6.2-1","libgmp10=2:6.1.2+dfsg-2","libgnutls30=3.5.18-1ubuntu1.4","libgomp1=8.4.0-1ubuntu1~18.04","libgoogle-perftools4=2.5-2.2ubuntu3","libgpg-error-dev=1.27-6","libgpg-error0=1.27-6","libgphoto2-6=2.5.16-2","libgphoto2-dev=2.5.16-2","libgphoto2-port12=2.5.16-2","libgraphite2-3=1.3.11-2","libgraphite2-dev=1.3.11-2","libgsm1=1.0.13-4build1","libgssapi-krb5-2=1.16-2ubuntu0.2","libgssapi3-heimdal=7.5.0+dfsg-1","libgtk-3-0=3.22.30-1ubuntu4","libgtk-3-common=3.22.30-1ubuntu4","libgts-0.7-5=0.7.6+darcs121130-4","libgudev-1.0-0=1:232-2","libgvc6=2.40.1-2","libgvpr2=2.40.1-2","libharfbuzz-dev=1.7.2-1ubuntu1","libharfbuzz-gobject0=1.7.2-1ubuntu1","libharfbuzz-icu0=1.7.2-1ubuntu1","libharfbuzz0b=1.7.2-1ubuntu1","libhcrypto4-heimdal=7.5.0+dfsg-1","libhdf4-0-alt=4.2.13-2","libhdf4-alt-dev=4.2.13-2","libhdf5-100=1.10.0-patch1+docs-4","libhdf5-cpp-100=1.10.0-patch1+docs-4","libhdf5-dev=1.10.0-patch1+docs-4","libhdf5-openmpi-100=1.10.0-patch1+docs-4","libheimbase1-heimdal=7.5.0+dfsg-1","libheimntlm0-heimdal=7.5.0+dfsg-1","libhogweed4=3.4-1","libhttp-parser-dev=2.7.1-2","libhttp-parser2.7.1=2.7.1-2","libhwloc-dev=1.11.9-1","libhwloc-plugins=1.11.9-1","libhwloc5=1.11.9-1","libhx509-5-heimdal=7.5.0+dfsg-1","libibverbs-dev=17.1-1ubuntu0.2","libibverbs1=17.1-1ubuntu0.2","libice-dev=2:1.0.9-2","libice6=2:1.0.9-2","libicu-dev=60.2-3ubuntu3.2","libicu-le-hb-dev=1.0.3+git161113-4","libicu-le-hb0=1.0.3+git161113-4","libicu60=60.2-3ubuntu3.2","libiculx60=60.2-3ubuntu3.2","libidn2-0=2.0.4-1.1ubuntu0.2","libiec61883-0=1.2.0-2","libilmbase-dev=2.2.0-11ubuntu2","libilmbase12=2.2.0-11ubuntu2","libinput-bin=1.10.4-1ubuntu0.18.04.2","libinput10=1.10.4-1ubuntu0.18.04.2","libio-pty-perl=1:1.08-1.1build4","libipc-run-perl=0.96-1","libisl19=0.19-1","libitm1=8.4.0-1ubuntu1~18.04","libjack-dev=1:0.125.0-3","libjack0=1:0.125.0-3","libjbig-dev=2.1-3.1build1","libjbig0=2.1-3.1build1","libjpeg-dev=8c-2ubuntu8","libjpeg-turbo8-dev=1.5.2-0ubuntu5.18.04.4","libjpeg-turbo8=1.5.2-0ubuntu5.18.04.4","libjpeg8-dev=8c-2ubuntu8","libjpeg8=8c-2ubuntu8","libjson-c-dev=0.12.1-1.3ubuntu0.3","libjson-c3=0.12.1-1.3ubuntu0.3","libjson-glib-1.0-0=1.4.2-3ubuntu0.18.04.1","libjson-glib-1.0-common=1.4.2-3ubuntu0.18.04.1","libjsoncpp1=1.7.4-3","libk5crypto3=1.16-2ubuntu0.2","libkeyutils1=1.5.9-9.2ubuntu2","libkml-dev=1.3.0-5","libkmlbase1=1.3.0-5","libkmlconvenience1=1.3.0-5","libkmldom1=1.3.0-5","libkmlengine1=1.3.0-5","libkmlregionator1=1.3.0-5","libkmlxsd1=1.3.0-5","libkmod2=24-1ubuntu3.5","libkrb5-26-heimdal=7.5.0+dfsg-1","libkrb5-3=1.16-2ubuntu0.2","libkrb5support0=1.16-2ubuntu0.2","libksba8=1.3.5-2","liblab-gamut1=2.40.1-2","liblapack-dev=3.7.1-4ubuntu1","liblapack3=3.7.1-4ubuntu1","liblcms2-2=2.9-1ubuntu0.1","libldap-2.4-2=2.4.45+dfsg-1ubuntu1.8","libldap-common=2.4.45+dfsg-1ubuntu1.8","liblept5=1.75.3-3","libllvm10=1:10.0.0-4ubuntu1~18.04.2","libllvm6.0=1:6.0-1ubuntu2","liblocale-gettext-perl=1.07-3build2","liblsan0=8.4.0-1ubuntu1~18.04","libltdl-dev=2.4.6-2","libltdl7=2.4.6-2","liblua5.1-0=5.1.5-8.1build2","libluajit-5.1-2=2.1.0~beta3+dfsg-5.1","libluajit-5.1-common=2.1.0~beta3+dfsg-5.1","liblz4-1=0.0~r131-2ubuntu3","liblzma-dev=5.2.2-1.3","liblzma5=5.2.2-1.3","liblzo2-2=2.08-1.2","libmbedcrypto3=2.16.0-bionic0","libmbedtls-dev=2.16.0-bionic0","libmbedtls12=2.16.0-bionic0","libmbedx509-0=2.16.0-bionic0","libminizip-dev=1.1-8build1","libminizip1=1.1-8build1","libmount1=2.31.1-0.4ubuntu3.7","libmp3lame0=3.100-2","libmpc3=1.1.0-1","libmpdec2=2.4.2-1ubuntu1","libmpfr6=4.0.1-1","libmpg123-0=1.25.10-1","libmpx2=8.4.0-1ubuntu1~18.04","libmtdev1=1.1.5-1ubuntu3","libmysofa0=0.6~dfsg0-3+deb10u1build1","libmysqlclient-dev=5.7.36-0ubuntu0.18.04.1","libmysqlclient20=5.7.36-0ubuntu0.18.04.1","libnccl-dev=2.7.8-1+cuda11.1","libnccl2=2.7.8-1+cuda11.1","libncurses5-dev=6.1-1ubuntu1.18.04","libncurses5=6.1-1ubuntu1.18.04","libncursesw5=6.1-1ubuntu1.18.04","libnetcdf-c++4=4.2-8","libnetcdf-dev=1:4.6.0-2build1","libnetcdf13=1:4.6.0-2build1","libnettle6=3.4-1","libnghttp2-14=1.30.0-1ubuntu1","libnl-3-200=3.2.29-0ubuntu3","libnl-route-3-200=3.2.29-0ubuntu3","libnorm1=1.5r6+dfsg1-6","libnpp-11-0=11.1.0.245-1","libnpp-11-1=11.1.2.301-1","libnpp-dev-11-0=11.1.0.245-1","libnpp-dev-11-1=11.1.2.301-1","libnpth0=1.5-3","libnspr4=2:4.18-1ubuntu1","libnss3=2:3.35-2ubuntu2.13","libnuma-dev=2.0.11-2.1ubuntu0.1","libnuma1=2.0.11-2.1ubuntu0.1","libnvjpeg-11-0=11.1.1.245-1","libnvjpeg-dev-11-0=11.1.1.245-1","libobjc-7-dev=7.5.0-3ubuntu1~18.04","libobjc4=8.4.0-1ubuntu1~18.04","libodbc1=2.3.4-1.1ubuntu3","libogdi3.2-dev=3.2.0+ds-2","libogdi3.2=3.2.0+ds-2","libogg-dev=1.3.2-1","libogg0=1.3.2-1","libopenal-data=1:1.18.2-2","libopenal1=1:1.18.2-2","libopenblas-base=0.2.20+ds-4","libopenblas-dev=0.2.20+ds-4","libopencv-calib3d-dev=3.2.0+dfsg-4ubuntu0.1","libopencv-calib3d3.2=3.2.0+dfsg-4ubuntu0.1","libopencv-contrib-dev=3.2.0+dfsg-4ubuntu0.1","libopencv-contrib3.2=3.2.0+dfsg-4ubuntu0.1","libopencv-core-dev=3.2.0+dfsg-4ubuntu0.1","libopencv-core3.2=3.2.0+dfsg-4ubuntu0.1","libopencv-dev=3.2.0+dfsg-4ubuntu0.1","libopencv-features2d-dev=3.2.0+dfsg-4ubuntu0.1","libopencv-features2d3.2=3.2.0+dfsg-4ubuntu0.1","libopencv-flann-dev=3.2.0+dfsg-4ubuntu0.1","libopencv-flann3.2=3.2.0+dfsg-4ubuntu0.1","libopencv-highgui-dev=3.2.0+dfsg-4ubuntu0.1","libopencv-highgui3.2=3.2.0+dfsg-4ubuntu0.1","libopencv-imgcodecs-dev=3.2.0+dfsg-4ubuntu0.1","libopencv-imgcodecs3.2=3.2.0+dfsg-4ubuntu0.1","libopencv-imgproc-dev=3.2.0+dfsg-4ubuntu0.1","libopencv-imgproc3.2=3.2.0+dfsg-4ubuntu0.1","libopencv-ml-dev=3.2.0+dfsg-4ubuntu0.1","libopencv-ml3.2=3.2.0+dfsg-4ubuntu0.1","libopencv-objdetect-dev=3.2.0+dfsg-4ubuntu0.1","libopencv-objdetect3.2=3.2.0+dfsg-4ubuntu0.1","libopencv-photo-dev=3.2.0+dfsg-4ubuntu0.1","libopencv-photo3.2=3.2.0+dfsg-4ubuntu0.1","libopencv-shape-dev=3.2.0+dfsg-4ubuntu0.1","libopencv-shape3.2=3.2.0+dfsg-4ubuntu0.1","libopencv-stitching-dev=3.2.0+dfsg-4ubuntu0.1","libopencv-stitching3.2=3.2.0+dfsg-4ubuntu0.1","libopencv-superres-dev=3.2.0+dfsg-4ubuntu0.1","libopencv-superres3.2=3.2.0+dfsg-4ubuntu0.1","libopencv-ts-dev=3.2.0+dfsg-4ubuntu0.1","libopencv-video-dev=3.2.0+dfsg-4ubuntu0.1","libopencv-video3.2=3.2.0+dfsg-4ubuntu0.1","libopencv-videoio-dev=3.2.0+dfsg-4ubuntu0.1","libopencv-videoio3.2=3.2.0+dfsg-4ubuntu0.1","libopencv-videostab-dev=3.2.0+dfsg-4ubuntu0.1","libopencv-videostab3.2=3.2.0+dfsg-4ubuntu0.1","libopencv-viz-dev=3.2.0+dfsg-4ubuntu0.1","libopencv-viz3.2=3.2.0+dfsg-4ubuntu0.1","libopencv3.2-java=3.2.0+dfsg-4ubuntu0.1","libopencv3.2-jni=3.2.0+dfsg-4ubuntu0.1","libopenexr-dev=2.2.0-11.1ubuntu1.9","libopenexr22=2.2.0-11.1ubuntu1.9","libopengl0=1.0.0-2ubuntu2.3","libopenjp2-7-dev=2.3.0-2build0.18.04.1","libopenjp2-7=2.3.0-2build0.18.04.1","libopenmpi-dev=2.1.1-8","libopenmpi2=2.1.1-8","libopenmpt0=0.3.6-1","libopus0=1.1.2-1ubuntu1","libp11-kit0=0.23.9-2","libpam-modules-bin=1.1.8-3.6ubuntu2.18.04.2","libpam-modules=1.1.8-3.6ubuntu2.18.04.2","libpam-runtime=1.1.8-3.6ubuntu2.18.04.2","libpam0g=1.1.8-3.6ubuntu2.18.04.2","libpango-1.0-0=1.40.14-1ubuntu0.1","libpangocairo-1.0-0=1.40.14-1ubuntu0.1","libpangoft2-1.0-0=1.40.14-1ubuntu0.1","libpaper-utils=1.1.24+nmu5ubuntu1","libpaper1=1.1.24+nmu5ubuntu1","libpathplan4=2.40.1-2","libpciaccess0=0.14-1","libpcre16-3=2:8.39-9","libpcre2-16-0=10.31-2","libpcre2-32-0=10.31-2","libpcre2-8-0=10.31-2","libpcre2-dev=10.31-2","libpcre2-posix0=10.31-2","libpcre3-dev=2:8.39-9","libpcre32-3=2:8.39-9","libpcre3=2:8.39-9","libpcrecpp0v5=2:8.39-9","libpcsclite1=1.8.23-1","libperl5.26=5.26.1-6ubuntu0.5","libpgm-5.2-0=5.2.122~dfsg-2","libpipeline1=1.5.0-1","libpixman-1-0=0.34.0-2","libpng-dev=1.6.34-1ubuntu0.18.04.2","libpng-tools=1.6.34-1ubuntu0.18.04.2","libpng16-16=1.6.34-1ubuntu0.18.04.2","libpoppler-dev=0.62.0-2ubuntu2.12","libpoppler-private-dev=0.62.0-2ubuntu2.12","libpoppler73=0.62.0-2ubuntu2.12","libpopt0=1.16-11","libpostproc54=7:3.4.8-0ubuntu0.2","libpq-dev=10.19-0ubuntu0.18.04.1","libpq5=10.19-0ubuntu0.18.04.1","libprocps6=2:3.3.12-3ubuntu1.2","libproj-dev=4.9.3-2","libproj12=4.9.3-2","libprotobuf-java=3.0.0-9.1ubuntu1","libprotobuf10=3.0.0-9.1ubuntu1","libprotoc10=3.0.0-9.1ubuntu1","libproxy1v5=0.4.15-1ubuntu0.2","libpsl5=0.19.1-5build1","libpsm-infinipath1=3.3+20.604758e7-5","libpthread-stubs0-dev=0.3-4","libpulse0=1:11.1-1ubuntu7.11","libpython-dev=2.7.15~rc1-1","libpython-stdlib=2.7.15~rc1-1","libpython2.7-dev=2.7.17-1~18.04ubuntu1.6","libpython2.7-minimal=2.7.17-1~18.04ubuntu1.6","libpython2.7-stdlib=2.7.17-1~18.04ubuntu1.6","libpython2.7=2.7.17-1~18.04ubuntu1.6","libpython3-dev=3.6.7-1~18.04","libpython3-stdlib=3.6.7-1~18.04","libpython3.6-dev=3.6.9-1~18.04ubuntu1.4","libpython3.6-minimal=3.6.9-1~18.04ubuntu1.4","libpython3.6-stdlib=3.6.9-1~18.04ubuntu1.4","libpython3.6=3.6.9-1~18.04ubuntu1.4","libpython3.7-dev=3.7.12-1+bionic1","libpython3.7-minimal=3.7.12-1+bionic1","libpython3.7-stdlib=3.7.12-1+bionic1","libpython3.7=3.7.12-1+bionic1","libqhull-dev=2015.2-4","libqhull-r7=2015.2-4","libqhull7=2015.2-4","libqt5concurrent5=5.9.5+dfsg-0ubuntu2.6","libqt5core5a=5.9.5+dfsg-0ubuntu2.6","libqt5dbus5=5.9.5+dfsg-0ubuntu2.6","libqt5gui5=5.9.5+dfsg-0ubuntu2.6","libqt5network5=5.9.5+dfsg-0ubuntu2.6","libqt5printsupport5=5.9.5+dfsg-0ubuntu2.6","libqt5sql5=5.9.5+dfsg-0ubuntu2.6","libqt5test5=5.9.5+dfsg-0ubuntu2.6","libqt5widgets5=5.9.5+dfsg-0ubuntu2.6","libqt5xml5=5.9.5+dfsg-0ubuntu2.6","libquadmath0=8.4.0-1ubuntu1~18.04","librados2=12.2.13-0ubuntu0.18.04.10","libraw1394-11=2.1.2-1","libraw1394-dev=2.1.2-1","librbd1=12.2.13-0ubuntu0.18.04.10","librdmacm1=17.1-1ubuntu0.2","libreadline-dev=7.0-3","libreadline7=7.0-3","librest-0.7-0=0.8.0-2","librhash0=1.3.6-2","libroken18-heimdal=7.5.0+dfsg-1","librsvg2-2=2.40.20-2ubuntu0.2","librsvg2-common=2.40.20-2ubuntu0.2","librtmp1=2.4+20151223.gitfa8646d.1-1","librubberband2=1.8.1-7ubuntu2","libsamplerate0=0.1.9-1","libsasl2-2=2.1.27~101-g0780600+dfsg-3ubuntu2.1","libsasl2-modules-db=2.1.27~101-g0780600+dfsg-3ubuntu2.1","libsdl2-2.0-0=2.0.8+dfsg1-1ubuntu1.18.04.4","libseccomp2=2.4.3-1ubuntu3.18.04.3","libselinux1=2.7-2build2","libsemanage-common=2.7-2build2","libsemanage1=2.7-2build2","libsensors4=1:3.4.0-4","libsepol1=2.7-1","libshine3=3.1.1-1","libslang2=2.3.1a-3ubuntu1","libsm-dev=2:1.2.2-1","libsm6=2:1.2.2-1","libsmartcols1=2.31.1-0.4ubuntu3.7","libsnappy1v5=1.1.7-1","libsndfile1-dev=1.0.28-4ubuntu0.18.04.2","libsndfile1=1.0.28-4ubuntu0.18.04.2","libsndio6.1=1.1.0-3","libsocket++1=1.12.13-9","libsodium23=1.0.16-2","libsoup-gnome2.4-1=2.62.1-1ubuntu0.4","libsoup2.4-1=2.62.1-1ubuntu0.4","libsoxr0=0.1.2-3","libspatialite-dev=4.3.0a-5build1","libspatialite7=4.3.0a-5build1","libspeex1=1.2~rc1.2-1ubuntu2","libsqlite3-0=3.22.0-1ubuntu0.4","libsqlite3-dev=3.22.0-1ubuntu0.4","libss2=1.44.1-1ubuntu1.3","libssh-gcrypt-4=0.8.0~20170825.94fa1e38-1ubuntu0.7","libssh2-1-dev=1.8.0-1","libssh2-1=1.8.0-1","libssl-dev=1.1.1-1ubuntu2.1~18.04.13","libssl1.0.0=1.0.2n-1ubuntu5.7","libssl1.1=1.1.1-1ubuntu2.1~18.04.13","libstdc++-7-dev=7.5.0-3ubuntu1~18.04","libstdc++6=8.4.0-1ubuntu1~18.04","libsuperlu-dev=5.2.1+dfsg1-3","libsuperlu5=5.2.1+dfsg1-3","libswresample-dev=7:3.4.8-0ubuntu0.2","libswresample2=7:3.4.8-0ubuntu0.2","libswscale-dev=7:3.4.8-0ubuntu0.2","libswscale4=7:3.4.8-0ubuntu0.2","libsystemd0=237-3ubuntu10.52","libsz2=0.3.2-2","libtasn1-6=4.13-2","libtbb-dev=2017~U7-8","libtbb2=2017~U7-8","libtcl8.6=8.6.8+dfsg-3","libtcmalloc-minimal4=2.5-2.2ubuntu3","libtesseract4=4.00~git2288-10f4998a-2","libthai-data=0.1.27-2","libthai0=0.1.27-2","libtheora0=1.1.1+dfsg.1-14","libtiff-dev=4.0.9-5ubuntu0.4","libtiff5-dev=4.0.9-5ubuntu0.4","libtiff5=4.0.9-5ubuntu0.4","libtiffxx5=4.0.9-5ubuntu0.4","libtinfo-dev=6.1-1ubuntu1.18.04","libtinfo5=6.1-1ubuntu1.18.04","libtk8.6=8.6.8-4","libtsan0=8.4.0-1ubuntu1~18.04","libturbojpeg=1.5.2-0ubuntu5.18.04.4","libtwolame0=0.3.13-3","libubsan0=7.5.0-3ubuntu1~18.04","libudev1=237-3ubuntu10.52","libunistring2=0.9.9-0ubuntu2","libunwind8=1.2.1-8","liburiparser-dev=0.8.4-1","liburiparser1=0.8.4-1","libusb-1.0-0=2:1.0.21-2","libutempter0=1.1.6-3","libuuid1=2.31.1-0.4ubuntu3.7","libuv1=1.18.0-3","libva-drm2=2.1.0-3","libva-x11-2=2.1.0-3","libva2=2.1.0-3","libvdpau1=1.3-0ubuntu0~gpu18.04.2","libvorbis-dev=1.3.5-4.2","libvorbis0a=1.3.5-4.2","libvorbisenc2=1.3.5-4.2","libvorbisfile3=1.3.5-4.2","libvpx5=1.7.0-3ubuntu0.18.04.1","libvtk6.3=6.3.0+dfsg1-11build1","libwacom-common=0.29-1","libwacom2=0.29-1","libwavpack1=5.1.0-2ubuntu1.5","libwayland-bin=1.16.0-1ubuntu1.1~18.04.3","libwayland-client0=1.16.0-1ubuntu1.1~18.04.3","libwayland-cursor0=1.16.0-1ubuntu1.1~18.04.3","libwayland-dev=1.16.0-1ubuntu1.1~18.04.3","libwayland-egl1=1.16.0-1ubuntu1.1~18.04.3","libwayland-server0=1.16.0-1ubuntu1.1~18.04.3","libwebp-dev=0.6.1-2ubuntu0.18.04.1","libwebp6=0.6.1-2ubuntu0.18.04.1","libwebpdemux2=0.6.1-2ubuntu0.18.04.1","libwebpmux3=0.6.1-2ubuntu0.18.04.1","libwind0-heimdal=7.5.0+dfsg-1","libwrap0=7.6.q-27","libx11-6=2:1.6.4-3ubuntu0.4","libx11-data=2:1.6.4-3ubuntu0.4","libx11-dev=2:1.6.4-3ubuntu0.4","libx11-xcb-dev=2:1.6.4-3ubuntu0.4","libx11-xcb1=2:1.6.4-3ubuntu0.4","libx264-152=2:0.152.2854+gite9a5903-2","libx265-146=2.6-3","libxau-dev=1:1.0.8-1ubuntu1","libxau6=1:1.0.8-1ubuntu1","libxaw7=2:1.0.13-1","libxcb-dri2-0-dev=1.13-2~ubuntu18.04","libxcb-dri2-0=1.13-2~ubuntu18.04","libxcb-dri3-0=1.13-2~ubuntu18.04","libxcb-dri3-dev=1.13-2~ubuntu18.04","libxcb-glx0-dev=1.13-2~ubuntu18.04","libxcb-glx0=1.13-2~ubuntu18.04","libxcb-icccm4=0.4.1-1ubuntu1","libxcb-image0=0.4.0-1build1","libxcb-keysyms1=0.4.0-1","libxcb-present-dev=1.13-2~ubuntu18.04","libxcb-present0=1.13-2~ubuntu18.04","libxcb-randr0-dev=1.13-2~ubuntu18.04","libxcb-randr0=1.13-2~ubuntu18.04","libxcb-render-util0=0.3.9-1","libxcb-render0-dev=1.13-2~ubuntu18.04","libxcb-render0=1.13-2~ubuntu18.04","libxcb-shape0-dev=1.13-2~ubuntu18.04","libxcb-shape0=1.13-2~ubuntu18.04","libxcb-shm0=1.13-2~ubuntu18.04","libxcb-sync-dev=1.13-2~ubuntu18.04","libxcb-sync1=1.13-2~ubuntu18.04","libxcb-util1=0.4.0-0ubuntu3","libxcb-xfixes0-dev=1.13-2~ubuntu18.04","libxcb-xfixes0=1.13-2~ubuntu18.04","libxcb-xinerama0=1.13-2~ubuntu18.04","libxcb-xkb1=1.13-2~ubuntu18.04","libxcb1-dev=1.13-2~ubuntu18.04","libxcb1=1.13-2~ubuntu18.04","libxcomposite1=1:0.4.4-2","libxcursor1=1:1.1.15-1","libxdamage-dev=1:1.1.4-3","libxdamage1=1:1.1.4-3","libxdmcp-dev=1:1.1.2-3","libxdmcp6=1:1.1.2-3","libxerces-c-dev=3.2.0+debian-2","libxerces-c3.2=3.2.0+debian-2","libxext-dev=2:1.3.3-1","libxext6=2:1.3.3-1","libxfixes-dev=1:5.0.3-1","libxfixes3=1:5.0.3-1","libxft-dev=2.3.2-1","libxft2=2.3.2-1","libxi-dev=2:1.7.9-1","libxi6=2:1.7.9-1","libxinerama1=2:1.1.3-1","libxkbcommon-x11-0=0.8.2-1~ubuntu18.04.1","libxkbcommon0=0.8.2-1~ubuntu18.04.1","libxml2-dev=2.9.4+dfsg1-6.1ubuntu1.4","libxml2=2.9.4+dfsg1-6.1ubuntu1.4","libxmu-dev=2:1.1.2-2","libxmu-headers=2:1.1.2-2","libxmu6=2:1.1.2-2","libxmuu1=2:1.1.2-2","libxpm4=1:3.5.12-1","libxrandr2=2:1.5.1-1","libxrender-dev=1:0.9.10-1","libxrender1=1:0.9.10-1","libxshmfence-dev=1.3-1","libxshmfence1=1.3-1","libxslt1.1=1.1.29-5ubuntu0.2","libxss-dev=1:1.2.2-1","libxss1=1:1.2.2-1","libxt-dev=1:1.1.5-1","libxt6=1:1.1.5-1","libxtst6=2:1.2.3-1","libxv1=2:1.0.11-1","libxvidcore4=2:1.3.5-1","libxxf86dga1=2:1.1.4-1","libxxf86vm-dev=1:1.1.4-1","libxxf86vm1=1:1.1.4-1","libyaml-0-2=0.1.7-2ubuntu3","libzmq3-dev=4.2.5-1ubuntu0.2","libzmq5=4.2.5-1ubuntu0.2","libzstd1=1.3.3+dfsg-2ubuntu1.1","libzvbi-common=0.2.35-13","libzvbi0=0.2.35-13","linux-headers-4.15.0-163-generic=4.15.0-163.171","linux-headers-4.15.0-163=4.15.0-163.171","linux-headers-generic=4.15.0.163.152","linux-libc-dev=4.15.0-128.131","locales=2.27-3ubuntu1.4","login=1:4.5-1ubuntu2","lsb-base=9.20170808ubuntu1","lsb-release=9.20170808ubuntu1","lsof=4.89+dfsg-0.1","make=4.1-9.1ubuntu1","man-db=2.8.3-2ubuntu0.1","manpages-dev=4.15-1","manpages-posix-dev=2013a-2","manpages-posix=2013a-2","manpages=4.15-1","mawk=1.3.3-17ubuntu3","mesa-common-dev=20.0.8-0ubuntu1~18.04.1","mime-support=3.60ubuntu1","module-init-tools=24-1ubuntu3.5","moreutils=0.60-1","mount=2.31.1-0.4ubuntu3.7","mpi-default-bin=1.10","mpi-default-dev=1.10","multiarch-support=2.27-3ubuntu1.4","mysql-common=5.8+1.0.4","ncurses-base=6.1-1ubuntu1.18.04","ncurses-bin=6.1-1ubuntu1.18.04","nsight-compute-2021.3.1=2021.3.1.4-1","nsight-systems-2020.3.2=2020.3.2.6-87e152c","ocl-icd-libopencl1=2.2.11-1ubuntu1","odbcinst1debian2=2.3.4-1.1ubuntu3","odbcinst=2.3.4-1.1ubuntu3","openjdk-11-jdk-headless=11.0.11+9-0ubuntu2~18.04","openjdk-11-jre-headless=11.0.11+9-0ubuntu2~18.04","openjdk-11-jre=11.0.11+9-0ubuntu2~18.04","openmpi-bin=2.1.1-8","openmpi-common=2.1.1-8","openssh-client=1:7.6p1-4ubuntu0.5","openssl=1.1.1-1ubuntu2.1~18.04.7","p7zip-full=16.02+dfsg-6","p7zip=16.02+dfsg-6","pandoc-data=1.19.2.4~dfsg-1build4","pandoc=1.19.2.4~dfsg-1build4","passwd=1:4.5-1ubuntu2","patch=2.7.6-2ubuntu1.1","perl-base=5.26.1-6ubuntu0.5","perl-modules-5.26=5.26.1-6ubuntu0.5","perl=5.26.1-6ubuntu0.5","pinentry-curses=1.1.0-1","pkg-config=0.29.1-0ubuntu2","policykit-1-gnome=0.105-6ubuntu2","policykit-1=0.105-20ubuntu0.18.04.5","procps=2:3.3.12-3ubuntu1.2","proj-data=4.9.3-2","protobuf-compiler=3.0.0-9.1ubuntu1","psmisc=23.1-1ubuntu0.1","python-apt-common=1.6.5ubuntu0.7","python-dev=2.7.15~rc1-1","python-gdal=2.2.3+dfsg-2","python-minimal=2.7.15~rc1-1","python-numpy=1:1.13.3-2ubuntu1","python-tk=2.7.17-1~18.04","python2.7-dev=2.7.17-1~18.04ubuntu1.6","python2.7-minimal=2.7.17-1~18.04ubuntu1.6","python2.7=2.7.17-1~18.04ubuntu1.6","python3-apt=1.6.5ubuntu0.7","python3-dbus=1.2.6-1","python3-dev=3.6.7-1~18.04","python3-distutils=3.6.9-1~18.04","python3-gi=3.26.1-2ubuntu1","python3-lib2to3=3.6.9-1~18.04","python3-minimal=3.6.7-1~18.04","python3-software-properties=0.96.24.32.18","python3-tk=3.6.9-1~18.04","python3.6-dev=3.6.9-1~18.04ubuntu1.4","python3.6-minimal=3.6.9-1~18.04ubuntu1.4","python3.6=3.6.9-1~18.04ubuntu1.4","python3.7-dev=3.7.12-1+bionic1","python3.7-minimal=3.7.12-1+bionic1","python3.7=3.7.12-1+bionic1","python3=3.6.7-1~18.04","python=2.7.15~rc1-1","qt5-default=5.9.5+dfsg-0ubuntu2.6","qt5-qmake-bin=5.9.5+dfsg-0ubuntu2.6","qt5-qmake=5.9.5+dfsg-0ubuntu2.6","qtbase5-dev-tools=5.9.5+dfsg-0ubuntu2.6","qtbase5-dev=5.9.5+dfsg-0ubuntu2.6","qtchooser=64-ga1b6736-5","r-base-core=4.1.2-1.1804.0","r-base-dev=4.1.2-1.1804.0","r-base=4.1.2-1.1804.0","r-cran-askpass=1.1-1cran1.1804.0","r-cran-assertthat=0.2.1-1cran1.1804.1","r-cran-backports=1.4.0-1cran1.1804.0","r-cran-base64enc=0.1-3-1cran2.1804.1","r-cran-bit64=4.0.5-1cran1.1804.0","r-cran-bit=4.0.4-1cran1.1804.0","r-cran-blob=1.2.2-1cran1.1804.0","r-cran-boot=1.3-28-1cran1.1804.0","r-cran-brew=1.0-6-3~ubuntu18.04.1~ppa1","r-cran-brio=1.1.2-1cran1.1804.0","r-cran-broom=0.7.10-1cran1.1804.0","r-cran-cachem=1.0.6-1cran1.1804.0","r-cran-callr=3.7.0-1cran1.1804.0","r-cran-cellranger=1.1.0-2~ubuntu18.04.1~ppa1","r-cran-class=7.3-19-1.1804.0","r-cran-cli=3.1.0-1cran1.1804.0","r-cran-clipr=0.7.1-1cran1.1804.0","r-cran-cluster=2.1.2-1.1804.0","r-cran-codetools=0.2-18-1cran1.1804.0","r-cran-colorspace=2.0-2-1cran1.1804.0","r-cran-commonmark=1.7-1cran1.1804.0","r-cran-cpp11=0.4.1-1cran1.1804.0","r-cran-crayon=1.4.2-1cran1.1804.0","r-cran-credentials=1.3.1-1cran1.1804.0","r-cran-curl=4.3.2-1cran1.1804.0","r-cran-data.table=1.14.2-1cran1.1804.0","r-cran-dbi=1.1.1-1cran1.1804.0","r-cran-dbplyr=2.1.1-1cran1.1804.0","r-cran-desc=1.4.0-1cran1.1804.0","r-cran-devtools=2.4.2-1cran1.1804.0","r-cran-diffobj=0.3.5-1cran1.1804.0","r-cran-digest=0.6.28-1cran1.1804.0","r-cran-dplyr=1.0.7-1cran1.1804.0","r-cran-dtplyr=1.1.0-1cran1.1804.0","r-cran-ellipsis=0.3.2-1cran1.1804.0","r-cran-evaluate=0.14-1cran1.1804.0","r-cran-fansi=0.5.0-1cran1.1804.0","r-cran-farver=2.1.0-1cran1.1804.0","r-cran-fastmap=1.1.0-1cran1.1804.0","r-cran-forcats=0.5.1-1cran1.1804.0","r-cran-foreign=0.8.81-1.1804.0","r-cran-fs=1.5.0-1cran1.1804.0","r-cran-gargle=1.2.0-1cran1.1804.0","r-cran-generics=0.1.1-1cran1.1804.0","r-cran-gert=1.4.3-1cran1.1804.0","r-cran-ggplot2=3.3.5-1cran1.1804.0","r-cran-gh=1.3.0-1cran1.1804.0","r-cran-gitcreds=0.1.1-1cran1.1804.0","r-cran-glue=1.5.0-1cran1.1804.0","r-cran-googledrive=2.0.0-1cran1.1804.0","r-cran-googlesheets4=1.0.0-1cran1.1804.0","r-cran-gtable=0.3.0-1cran1.1804.1","r-cran-haven=2.4.3-1cran1.1804.0","r-cran-highr=0.9-1cran1.1804.0","r-cran-hms=1.1.1-1cran1.1804.0","r-cran-htmltools=0.5.2-1cran1.1804.0","r-cran-httr=1.4.2-1cran1.1804.0","r-cran-ids=1.0.1-1cran1.1804.0","r-cran-ini=0.3.1-1cran1.1804.0","r-cran-isoband=0.2.5-1cran1.1804.0","r-cran-jquerylib=0.1.4-1cran1.1804.0","r-cran-jsonlite=1.7.2-1cran1.1804.0","r-cran-kernsmooth=2.23-20-1cran1.1804.0","r-cran-knitr=1.36-1cran1.1804.0","r-cran-labeling=0.4.2-1cran1.1804.0","r-cran-lattice=0.20-45-1.1804.0","r-cran-lifecycle=1.0.1-1cran1.1804.0","r-cran-lubridate=1.8.0-1cran1.1804.0","r-cran-magrittr=2.0.1-1cran1.1804.0","r-cran-mass=7.3-54-1.1804.0","r-cran-matrix=1.3-4-1.1804.0","r-cran-memoise=2.0.1-1cran1.1804.0","r-cran-mgcv=1.8-38-1.1804.0","r-cran-mime=0.12-1cran1.1804.0","r-cran-modelr=0.1.8-1cran1.1804.0","r-cran-munsell=0.5.0-1cran1.1804.0","r-cran-nlme=3.1.152-1.1804.0","r-cran-nnet=7.3-16-1.1804.0","r-cran-openssl=1.4.3-1cran1.1804.0","r-cran-pillar=1.6.4-1cran1.1804.0","r-cran-pkgbuild=1.2.0-1cran1.1804.0","r-cran-pkgconfig=2.0.3-1cran1.1804.1","r-cran-pkgload=1.2.3-1cran1.1804.0","r-cran-praise=1.0.0-3cran2ubuntu1.1804.0","r-cran-prettyunits=1.1.1-1cran1.1804.0","r-cran-processx=3.5.2-1cran1.1804.0","r-cran-progress=1.2.2-1cran1.1804.0","r-cran-ps=1.6.0-1cran1.1804.0","r-cran-purrr=0.3.4-1cran1.1804.0","r-cran-r6=2.5.1-1cran1.1804.0","r-cran-rappdirs=0.3.3-1cran1.1804.0","r-cran-rcmdcheck=1.4.0-1cran1.1804.0","r-cran-rcolorbrewer=1.1-2-2.1804.1","r-cran-rcpp=1.0.7-1cran1.1804.0","r-cran-readr=2.1.0-1cran1.1804.0","r-cran-readxl=1.3.1-1cran1.1804.0","r-cran-rematch2=2.1.2-1cran1.1804.0","r-cran-rematch=1.0.1-2~ubuntu18.04.1~ppa1","r-cran-remotes=2.4.1-1cran1.1804.0","r-cran-reprex=2.0.1-1cran1.1804.0","r-cran-rlang=0.4.12-1cran1.1804.0","r-cran-rmarkdown=2.11-1cran1.1804.0","r-cran-roxygen2=7.1.2-1cran1.1804.0","r-cran-rpart=4.1-15-2.1804.0","r-cran-rprojroot=2.0.2-1cran1.1804.0","r-cran-rstudioapi=0.13-1cran1.1804.0","r-cran-rversions=2.1.1-1cran1.1804.0","r-cran-rvest=1.0.2-1cran1.1804.0","r-cran-scales=1.1.1-1cran1.1804.0","r-cran-selectr=0.4-2-1cran1.1804.0","r-cran-sessioninfo=1.2.1-1cran1.1804.0","r-cran-spatial=7.3-14-1cran1.1804.0","r-cran-stringi=1.7.5-1cran1.1804.0","r-cran-stringr=1.4.0-1cran1.1804.0","r-cran-survival=3.2-13-1cran1.1804.0","r-cran-svglite=2.0.0-1cran1.1804.0","r-cran-sys=3.4-1cran1.1804.0","r-cran-systemfonts=1.0.3-1cran1.1804.0","r-cran-testthat=3.1.0-1cran1.1804.0","r-cran-tibble=3.1.6-1cran1.1804.0","r-cran-tidyr=1.1.4-1cran1.1804.0","r-cran-tidyselect=1.1.1-1cran1.1804.0","r-cran-tidyverse=1.3.1-1cran1.1804.0","r-cran-tinytex=0.35-1cran1.1804.0","r-cran-tzdb=0.2.0-1cran1.1804.0","r-cran-usethis=2.1.3-1cran1.1804.0","r-cran-utf8=1.2.2-1cran1.1804.0","r-cran-uuid=1.0-3-1cran1.1804.0","r-cran-vctrs=0.3.8-1cran1.1804.0","r-cran-viridislite=0.4.0-1cran1.1804.0","r-cran-vroom=1.5.6-1cran1.1804.0","r-cran-waldo=0.3.1-1cran1.1804.0","r-cran-whisker=0.4-1cran1.1804.1","r-cran-withr=2.4.2-1cran1.1804.0","r-cran-xfun=0.28-1cran1.1804.0","r-cran-xml2=1.3.2-1cran1.1804.0","r-cran-xopen=1.0.0-1cran1.1804.0","r-cran-yaml=2.2.1-1cran1.1804.1","r-cran-zip=2.2.0-1cran1.1804.0","r-recommended=4.1.2-1.1804.0","readline-common=7.0-3","rename=0.20-7","rsync=3.1.2-2.1ubuntu1.2","screen-resolution-extra=0.17.3","sed=4.4-2","sensible-utils=0.0.12","shared-mime-info=1.9-2","software-properties-common=0.96.24.32.18","sudo=1.8.21p2-3ubuntu1.4","systemd=237-3ubuntu10.52","sysvinit-utils=2.88dsf-59.10ubuntu1","tar=1.29b-2ubuntu0.1","tcl-dev=8.6.0+9","tcl8.6-dev=8.6.8+dfsg-3","tcl8.6=8.6.8+dfsg-3","tcl=8.6.0+9","tk-dev=8.6.0+9","tk8.6-blt2.5=2.5.3+dfsg-4","tk8.6-dev=8.6.8-4","tk8.6=8.6.8-4","tk=8.6.0+9","tmux=2.6-3ubuntu0.2","tzdata=2021e-0ubuntu0.18.04","ubuntu-keyring=2018.09.18.1~18.04.0","ubuntu-mono=16.10+18.04.20181005-0ubuntu1","ucf=3.0038","udev=237-3ubuntu10.52","unixodbc-dev=2.3.4-1.1ubuntu3","unrar=1:5.5.8-1","unzip=6.0-21ubuntu1.1","util-linux=2.31.1-0.4ubuntu3.7","uuid-dev=2.31.1-0.4ubuntu3.7","wget=1.19.4-1ubuntu2.2","x11-common=1:7.7+19ubuntu7.1","x11-utils=7.7+3build1","x11proto-core-dev=2018.4-4","x11proto-damage-dev=1:2018.4-4","x11proto-dev=2018.4-4","x11proto-fixes-dev=1:2018.4-4","x11proto-input-dev=2018.4-4","x11proto-scrnsaver-dev=2018.4-4","x11proto-xext-dev=2018.4-4","x11proto-xf86vidmode-dev=2018.4-4","xauth=1:1.0.10-1","xdg-utils=1.1.2-1ubuntu2.5","xkb-data=2.23.1-1ubuntu1.18.04.1","xorg-sgml-doctools=1:1.11-1","xsel=1.2.0-4","xserver-xorg-core-hwe-18.04=2:1.20.8-2ubuntu2.2~18.04.5","xtrans-dev=1.3.5-1","xz-utils=5.2.2-1.3","zip=3.0-11build1","zlib1g-dev=1:1.2.11.dfsg-0ubuntu2","zlib1g=1:1.2.11.dfsg-0ubuntu2"]},"type":"ws_msg"}
{"payload":{"env_details":{"command":["train.py","-c","config_cifar10_standard.json"],"hostname":"a0e2205a3001","ip":"172.28.0.2","network_interfaces_ips":["127.0.0.1","172.28.0.2"],"os":"Linux-5.4.104+-x86_64-with-Ubuntu-18.04-bionic","os_type":"Linux","pid":6166,"python_exe":"/usr/bin/python3","python_version":"3.7.12","python_version_verbose":"3.7.12 (default, Sep 10 2021, 00:21:48) \n[GCC 7.5.0]","user":"root"},"local_timestamp":1639141874631},"type":"ws_msg"}
{"payload":{"gpu_static_info":[{"gpu_index":0,"name":"Tesla P100-PCIE-16GB","power_limit":250000,"total_memory":17071734784,"uuid":"GPU-7ac3d541-a9a7-41f4-3201-12503ac09b2a"}],"local_timestamp":1639141874749},"type":"ws_msg"}
{"payload":{"local_timestamp":1639141874749,"metric":{"epoch":null,"metricName":"sys.gpu.0.total_memory","metricValue":17071734784,"step":null}},"type":"ws_msg"}
{"payload":{"local_timestamp":1639141874751,"param":{"paramName":"c","paramValue":"config_cifar10_standard.json","step":null}},"type":"ws_msg"}
{"payload":{"local_timestamp":1639141874751,"log_other":{"key":"offline_experiment","val":true}},"type":"ws_msg"}
{"payload":{"local_timestamp":1639141874751,"log_other":{"key":"Name","val":"WideResNet16_5_ConvNorm+BNCIFAR10DataLoaderResNet16_10-num_classes-10-norm_layer_type-no-conv_layer_type-conv-linear_layer_type-linear-activation_layer_type-relu-Seed=12"}},"type":"ws_msg"}
{"payload":{"local_timestamp":1639141874751,"param":{"paramName":"arch","paramValue":"{\"args\": {\"activation_layer_type\": \"relu\", \"conv_layer_type\": \"conv\", \"linear_layer_type\": \"linear\", \"norm_layer_type\": \"no\", \"num_classes\": 10}, \"type\": \"ResNet16_10\"}","step":null}},"type":"ws_msg"}
{"payload":{"local_timestamp":1639141874751,"param":{"paramName":"comet","paramValue":"{\"api\": \"29J9SI8R6GmXPRzLaA70xtwW6\", \"offline\": true}","step":null}},"type":"ws_msg"}
{"payload":{"local_timestamp":1639141874751,"param":{"paramName":"data_loader","paramValue":"{\"args\": {\"batch_size\": 128, \"data_dir\": \"dataset_cifar10\", \"num_batches\": 0, \"num_workers\": 8, \"pin_memory\": true, \"shuffle\": true, \"validation_split\": 0}, \"type\": \"CIFAR10DataLoader\"}","step":null}},"type":"ws_msg"}
{"payload":{"local_timestamp":1639141874751,"param":{"paramName":"exper_name","paramValue":"WideResNet16_5_ConvNorm+BNCIFAR10DataLoaderResNet16_10-num_classes-10-norm_layer_type-no-conv_layer_type-conv-linear_layer_type-linear-activation_layer_type-relu-Seed=12","step":null}},"type":"ws_msg"}
{"payload":{"local_timestamp":1639141874751,"param":{"paramName":"lr_scheduler","paramValue":"{\"args\": {\"gamma\": 0.1, \"milestones\": [40, 80]}, \"type\": \"MultiStepLR\"}","step":null}},"type":"ws_msg"}
{"payload":{"local_timestamp":1639141874751,"params":{"paramName":"metrics","paramValue":["my_metric","my_metric2"],"step":null}},"type":"ws_msg"}
{"payload":{"local_timestamp":1639141874751,"param":{"paramName":"n_gpu","paramValue":1,"step":null}},"type":"ws_msg"}
{"payload":{"local_timestamp":1639141874751,"param":{"paramName":"name","paramValue":"WideResNet16_5_ConvNorm+BN","step":null}},"type":"ws_msg"}
{"payload":{"local_timestamp":1639141874751,"param":{"paramName":"num_classes","paramValue":10,"step":null}},"type":"ws_msg"}
{"payload":{"local_timestamp":1639141874751,"param":{"paramName":"optimizer","paramValue":"{\"args\": {\"lr\": 0.1, \"momentum\": 0.9, \"weight_decay\": 0.0001}, \"type\": \"SGD\"}","step":null}},"type":"ws_msg"}
{"payload":{"local_timestamp":1639141874752,"param":{"paramName":"seed","paramValue":12,"step":null}},"type":"ws_msg"}
{"payload":{"local_timestamp":1639141874752,"param":{"paramName":"train_loss","paramValue":"cross_entropy","step":null}},"type":"ws_msg"}
{"payload":{"local_timestamp":1639141874752,"param":{"paramName":"trainer","paramValue":"{\"_asym\": \"Asymmetric noise if true\", \"_percent\": \"Percentage of noise\", \"_subset_percent\": \"Percentage of training data to use\", \"_sym\": \"Symmetric noise if true\", \"asym\": false, \"do_adv\": false, \"early_stop\": 2000, \"epochs\": 30, \"label_dir\": \"saved/\", \"monitor\": \"max val_my_metric\", \"percent\": 0.0, \"save_dir\": \"saved/\", \"save_period\": 1, \"subset_percent\": 1.0, \"sym\": false, \"verbosity\": 2}","step":null}},"type":"ws_msg"}
{"payload":{"local_timestamp":1639141874752,"param":{"paramName":"val_loss","paramValue":"cross_entropy","step":null}},"type":"ws_msg"}
{"payload":{"local_timestamp":1639141874752,"metric":{"epoch":null,"metricName":"sys.cpu.percent.avg","metricValue":32.45,"step":null}},"type":"ws_msg"}
{"payload":{"local_timestamp":1639141874752,"metric":{"epoch":null,"metricName":"sys.cpu.percent.01","metricValue":20.5,"step":null}},"type":"ws_msg"}
{"payload":{"local_timestamp":1639141874752,"metric":{"epoch":null,"metricName":"sys.cpu.percent.02","metricValue":31.5,"step":null}},"type":"ws_msg"}
{"payload":{"local_timestamp":1639141874752,"metric":{"epoch":null,"metricName":"sys.cpu.percent.03","metricValue":34.7,"step":null}},"type":"ws_msg"}
{"payload":{"local_timestamp":1639141874752,"metric":{"epoch":null,"metricName":"sys.cpu.percent.04","metricValue":43.1,"step":null}},"type":"ws_msg"}
{"payload":{"local_timestamp":1639141874752,"metric":{"epoch":null,"metricName":"sys.ram.total","metricValue":27337138176,"step":null}},"type":"ws_msg"}
{"payload":{"local_timestamp":1639141874752,"metric":{"epoch":null,"metricName":"sys.ram.used","metricValue":2062315520,"step":null}},"type":"ws_msg"}
{"payload":{"local_timestamp":1639141874753,"metric":{"epoch":null,"metricName":"sys.gpu.0.free_memory","metricValue":17071734784,"step":null}},"type":"ws_msg"}
{"payload":{"local_timestamp":1639141874753,"metric":{"epoch":null,"metricName":"sys.gpu.0.used_memory","metricValue":0,"step":null}},"type":"ws_msg"}
{"payload":{"local_timestamp":1639141874753,"metric":{"epoch":null,"metricName":"sys.gpu.0.gpu_utilization","metricValue":0,"step":null}},"type":"ws_msg"}
{"payload":{"additional_params":{"assetId":"d819e4acc6cd4b6ebc2fc2bfadea9665","context":null,"extension":"py","fileName":"activation.py","overwrite":false,"runId":null,"step":null,"type":"source_code"},"clean":true,"file_path":"tmpzixrh07p","local_timestamp":1639141874755,"metadata":{},"upload_type":"source_code"},"type":"file_upload"}
{"payload":{"additional_params":{"assetId":"80bc560b7c54412d87c0d29ebb84ccdf","context":null,"extension":"py","fileName":"loss.py","overwrite":false,"runId":null,"step":null,"type":"source_code"},"clean":true,"file_path":"tmprpona8re","local_timestamp":1639141874757,"metadata":{},"upload_type":"source_code"},"type":"file_upload"}
{"payload":{"additional_params":{"assetId":"9b91f5c56a344ba49463130b211d95dc","context":null,"extension":"py","fileName":"metric.py","overwrite":false,"runId":null,"step":null,"type":"source_code"},"clean":true,"file_path":"tmpan5lskdn","local_timestamp":1639141874759,"metadata":{},"upload_type":"source_code"},"type":"file_upload"}
{"payload":{"additional_params":{"assetId":"389d005c375342a491a808e0fc22c1c0","context":null,"extension":"py","fileName":"oni.py","overwrite":false,"runId":null,"step":null,"type":"source_code"},"clean":true,"file_path":"tmptg9h4rde","local_timestamp":1639141874760,"metadata":{},"upload_type":"source_code"},"type":"file_upload"}
{"payload":{"additional_params":{"assetId":"afc48f683b264d09a544a75453045da1","context":null,"extension":"py","fileName":"own.py","overwrite":false,"runId":null,"step":null,"type":"source_code"},"clean":true,"file_path":"tmpq76qypai","local_timestamp":1639141874762,"metadata":{},"upload_type":"source_code"},"type":"file_upload"}
{"payload":{"additional_params":{"assetId":"fce5a7bd1dca4b0c927b51b468315219","context":null,"extension":"py","fileName":"simplecnn2.py","overwrite":false,"runId":null,"step":null,"type":"source_code"},"clean":true,"file_path":"tmpos33v0xl","local_timestamp":1639141874764,"metadata":{},"upload_type":"source_code"},"type":"file_upload"}
{"payload":{"additional_params":{"assetId":"ffaa492f96e04ee68d409d68f8c77d7c","context":null,"extension":"py","fileName":"vgg.py","overwrite":false,"runId":null,"step":null,"type":"source_code"},"clean":true,"file_path":"tmpquuuai2m","local_timestamp":1639141874765,"metadata":{},"upload_type":"source_code"},"type":"file_upload"}
{"payload":{"additional_params":{"assetId":"9ea2936a35124a41a3308d11aa26acc3","context":null,"extension":"py","fileName":"prec_conv.py","overwrite":false,"runId":null,"step":null,"type":"source_code"},"clean":true,"file_path":"tmp2wa33i9b","local_timestamp":1639141874767,"metadata":{},"upload_type":"source_code"},"type":"file_upload"}
{"payload":{"additional_params":{"assetId":"8fd9e6448f854d1883748c6a9bebaafa","context":null,"extension":"py","fileName":"simplecnn.py","overwrite":false,"runId":null,"step":null,"type":"source_code"},"clean":true,"file_path":"tmp81kqw9xf","local_timestamp":1639141874768,"metadata":{},"upload_type":"source_code"},"type":"file_upload"}
{"payload":{"additional_params":{"assetId":"e4b24277f55c410dac96a01f18ed5da1","context":null,"extension":"py","fileName":"cnnwidth.py","overwrite":false,"runId":null,"step":null,"type":"source_code"},"clean":true,"file_path":"tmp_uzszw5f","local_timestamp":1639141874770,"metadata":{},"upload_type":"source_code"},"type":"file_upload"}
{"payload":{"additional_params":{"assetId":"02a659e55f374046a64f28d5dba98fea","context":null,"extension":"py","fileName":"model.py","overwrite":false,"runId":null,"step":null,"type":"source_code"},"clean":true,"file_path":"tmpmbu2sxwx","local_timestamp":1639141874772,"metadata":{},"upload_type":"source_code"},"type":"file_upload"}
{"payload":{"additional_params":{"assetId":"f8226e62d35a48abaa356e7d484dc97e","context":null,"extension":"py","fileName":"resnet.py","overwrite":false,"runId":null,"step":null,"type":"source_code"},"clean":true,"file_path":"tmp0j8g3uii","local_timestamp":1639141874774,"metadata":{},"upload_type":"source_code"},"type":"file_upload"}
{"payload":{"additional_params":{"assetId":"b1d445ba79004987bc844077dcff545d","context":null,"extension":"py","fileName":"wideresnet.py","overwrite":false,"runId":null,"step":null,"type":"source_code"},"clean":true,"file_path":"tmphk_qccxk","local_timestamp":1639141874776,"metadata":{},"upload_type":"source_code"},"type":"file_upload"}
{"payload":{"local_timestamp":1639141877243,"stderr":true,"stdout":"\rTotal progress:   0%|          | 0/30 [00:00<?, ?it/s]"},"type":"ws_msg"}
{"payload":{"local_timestamp":1639141877271,"stderr":true,"stdout":"\n\r  0%|          | 0/391 [00:00<?, ?it/s]\u001b[A"},"type":"ws_msg"}
{"payload":{"local_timestamp":1639141877544,"stderr":true,"stdout":"\n"},"type":"ws_msg"}
{"payload":{"local_timestamp":1639141877549,"stderr":true,"stdout":"\rTrain epoch 1:   0%|          | 0/391 [00:00<?, ?it/s]"},"type":"ws_msg"}
{"payload":{"local_timestamp":1639141877550,"stderr":true,"stdout":"\u001b[A"},"type":"ws_msg"}
{"payload":{"local_timestamp":1639141877723,"stderr":true,"stdout":"\rTrain epoch 1:   0%|          | 0/391 [00:00<?, ?it/s]\n"},"type":"ws_msg"}
{"payload":{"local_timestamp":1639141877723,"stderr":true,"stdout":"\rTotal progress:   0%|          | 0/30 [00:00<?, ?it/s]\n"},"type":"ws_msg"}
{"payload":{"local_timestamp":1639141877723,"stderr":true,"stdout":"Traceback (most recent call last):\n"},"type":"ws_msg"}
{"payload":{"local_timestamp":1639141877723,"stderr":true,"stdout":"  File \"train.py\", line 127, in <module>\n"},"type":"ws_msg"}
{"payload":{"local_timestamp":1639141877724,"stderr":true,"stdout":"    main(config)\n  File \"train.py\", line 93, in main\n"},"type":"ws_msg"}
{"payload":{"local_timestamp":1639141877725,"stderr":true,"stdout":"    trainer.train()\n"},"type":"ws_msg"}
{"payload":{"local_timestamp":1639141877725,"stderr":true,"stdout":"  File \"/content/drive/MyDrive/ToDL Project/ConvNet/ConvNorm/base/base_trainer.py\", line 91, in train\n"},"type":"ws_msg"}
{"payload":{"local_timestamp":1639141877726,"stderr":true,"stdout":"    result = self._train_epoch(epoch)\n"},"type":"ws_msg"}
{"payload":{"local_timestamp":1639141877726,"stderr":true,"stdout":"  File \"/content/drive/MyDrive/ToDL Project/ConvNet/ConvNorm/trainer/trainer.py\", line 82, in _train_epoch\n"},"type":"ws_msg"}
{"payload":{"local_timestamp":1639141877727,"stderr":true,"stdout":"    output = self.model(data)\n"},"type":"ws_msg"}
{"payload":{"local_timestamp":1639141877727,"stderr":true,"stdout":"  File \"/usr/local/lib/python3.7/dist-packages/torch/nn/modules/module.py\", line 727, in _call_impl\n"},"type":"ws_msg"}
{"payload":{"local_timestamp":1639141877728,"stderr":true,"stdout":"    result = self.forward(*input, **kwargs)\n  File \"/content/drive/MyDrive/ToDL Project/ConvNet/ConvNorm/models/wideresnet.py\", line 73, in forward\n"},"type":"ws_msg"}
{"payload":{"local_timestamp":1639141877729,"stderr":true,"stdout":"    out = self.relu(self.norm1(out))\n  File \"/usr/local/lib/python3.7/dist-packages/torch/nn/modules/module.py\", line 779, in __getattr__\n"},"type":"ws_msg"}
{"payload":{"local_timestamp":1639141877729,"stderr":true,"stdout":"    "},"type":"ws_msg"}
{"payload":{"local_timestamp":1639141877729,"stderr":true,"stdout":"type(self).__name__, name))\ntorch.nn.modules.module.ModuleAttributeError: 'Wide_ResNet' object has no attribute 'relu'\n"},"type":"ws_msg"}
{"payload":{"local_timestamp":1639141877731,"stderr":true,"stdout":"COMET INFO: ----------------------------------\n"},"type":"ws_msg"}
{"payload":{"local_timestamp":1639141877731,"stderr":true,"stdout":"COMET INFO: Comet.ml OfflineExperiment Summary\n"},"type":"ws_msg"}
{"payload":{"local_timestamp":1639141877731,"stderr":true,"stdout":"COMET INFO: ----------------------------------\nCOMET INFO:   Data:\n"},"type":"ws_msg"}
{"payload":{"local_timestamp":1639141877731,"stderr":true,"stdout":"COMET INFO:     display_summary_level : 1\n"},"type":"ws_msg"}
{"payload":{"local_timestamp":1639141877731,"stderr":true,"stdout":"COMET INFO:     url                   : [OfflineExperiment will get URL after upload]\n"},"type":"ws_msg"}
{"payload":{"local_timestamp":1639141877731,"stderr":true,"stdout":"COMET INFO:   Others:\n"},"type":"ws_msg"}
{"payload":{"local_timestamp":1639141877732,"stderr":true,"stdout":"COMET INFO:     Name               : WideResNet16_5_ConvNorm+BNCIFAR10DataLoaderResNet16_10-num_classes-10-norm_layer_type-no-conv_layer_type-conv-linear_layer_type-linear-activation_layer_type-relu-Seed=12\nCOMET INFO:     offline_experiment : True\nCOMET INFO:   Parameters:\n"},"type":"ws_msg"}
{"payload":{"local_timestamp":1639141877732,"stderr":true,"stdout":"COMET INFO:     arch         : {\"args\": {\"activation_layer_type\": \"relu\", \"conv_layer_type\": \"conv\", \"linear_layer_type\": \"linear\", \"norm_layer_type\": \"no\", \"num_classes\": 10}, \"type\": \"ResNet16_10\"}\n"},"type":"ws_msg"}
{"payload":{"local_timestamp":1639141877733,"stderr":true,"stdout":"COMET INFO:     comet        : {\"api\": \"29J9SI8R6GmXPRzLaA70xtwW6\", \"offline\": true}\n"},"type":"ws_msg"}
{"payload":{"local_timestamp":1639141877733,"stderr":true,"stdout":"COMET INFO:     data_loader  : {\"args\": {\"batch_size\": 128, \"data_dir\": \"dataset_cifar10\", \"num_batches\": 0, \"num_workers\": 8, \"pin_memory\": true, \"shuffle\": true, \"validation_split\": 0}, \"type\": \"CIFAR10DataLoader\"}\n"},"type":"ws_msg"}
{"payload":{"local_timestamp":1639141877733,"stderr":true,"stdout":"COMET INFO:     exper_name   : WideResNet16_5_ConvNorm+BNCIFAR10DataLoaderResNet16_10-num_classes-10-norm_layer_type-no-conv_layer_type-conv-linear_layer_type-linear-activation_layer_type-relu-Seed=12\n"},"type":"ws_msg"}
{"payload":{"local_timestamp":1639141877733,"stderr":true,"stdout":"COMET INFO:     lr_scheduler : {\"args\": {\"gamma\": 0.1, \"milestones\": [40, 80]}, \"type\": \"MultiStepLR\"}\n"},"type":"ws_msg"}
{"payload":{"local_timestamp":1639141877733,"stderr":true,"stdout":"COMET INFO:     metrics      : ['my_metric', 'my_metric2']\nCOMET INFO:     n_gpu        : 1\n"},"type":"ws_msg"}
{"payload":{"local_timestamp":1639141877733,"stderr":true,"stdout":"COMET INFO:     name         : WideResNet16_5_ConvNorm+BN\n"},"type":"ws_msg"}
{"payload":{"local_timestamp":1639141877734,"stderr":true,"stdout":"COMET INFO:     num_classes  : 10\n"},"type":"ws_msg"}
{"payload":{"local_timestamp":1639141877734,"stderr":true,"stdout":"COMET INFO:     optimizer    : {\"args\": {\"lr\": 0.1, \"momentum\": 0.9, \"weight_decay\": 0.0001}, \"type\": \"SGD\"}\n"},"type":"ws_msg"}
{"payload":{"local_timestamp":1639141877734,"stderr":true,"stdout":"COMET INFO:     seed         : 12\n"},"type":"ws_msg"}
{"payload":{"local_timestamp":1639141877734,"stderr":true,"stdout":"COMET INFO:     train_loss   : cross_entropy\n"},"type":"ws_msg"}
{"payload":{"local_timestamp":1639141877735,"stderr":true,"stdout":"COMET INFO:     trainer      : {\"_asym\": \"Asymmetric noise if true\", \"_percent\": \"Percentage of noise\", \"_subset_percent\": \"Percentage of training data to use\", \"_sym\": \"Symmetric noise if true\", \"asym\": false, \"do_adv\": false, \"early_stop\": 2000, \"epochs\": 30, \"label_dir\": \"saved/\", \"monitor\": \"max val_my_metric\", \"percent\": 0.0, \"save_dir\": \"saved/\", \"save_period\": 1, \"subset_percent\": 1.0, \"sym\": false, \"verbosity\": 2}\n"},"type":"ws_msg"}
{"payload":{"local_timestamp":1639141877735,"stderr":true,"stdout":"COMET INFO:     val_loss     : cross_entropy\nCOMET INFO:   Uploads [count]:\n"},"type":"ws_msg"}
{"payload":{"local_timestamp":1639141877735,"stderr":true,"stdout":"COMET INFO:     environment details      : 1\n"},"type":"ws_msg"}
{"payload":{"local_timestamp":1639141877735,"stderr":true,"stdout":"COMET INFO:     filename                 : 1\n"},"type":"ws_msg"}
{"payload":{"local_timestamp":1639141877735,"stderr":true,"stdout":"COMET INFO:     git metadata             : 1\n"},"type":"ws_msg"}
{"payload":{"local_timestamp":1639141877735,"stderr":true,"stdout":"COMET INFO:     git-patch (uncompressed) : 1 (4 KB)\n"},"type":"ws_msg"}
{"payload":{"local_timestamp":1639141877735,"stderr":true,"stdout":"COMET INFO:     installed packages       : 1\n"},"type":"ws_msg"}
{"payload":{"local_timestamp":1639141877735,"stderr":true,"stdout":"COMET INFO:     os packages              : 1\nCOMET INFO:     source_code [13]         : 13\n"},"type":"ws_msg"}
{"payload":{"local_timestamp":1639141877735,"stderr":true,"stdout":"COMET INFO: ----------------------------------\n"},"type":"ws_msg"}
