{"payload":{"fileName":"/content/drive/My Drive/ToDL Project/ConvNet/ConvNorm/train.py","local_timestamp":1639160387029},"type":"ws_msg"}
{"payload":{"local_timestamp":1639160387165,"stderr":true,"stdout":"Traceback (most recent call last):\n  File \"/usr/lib/python3.7/inspect.py\", line 1464, in getframeinfo\n"},"type":"ws_msg"}
{"payload":{"local_timestamp":1639160387166,"stderr":true,"stdout":"    lines, lnum = findsource(frame)\n  File \"/usr/lib/python3.7/inspect.py\", line 780, in findsource\n"},"type":"ws_msg"}
{"payload":{"local_timestamp":1639160387169,"stderr":true,"stdout":"    "},"type":"ws_msg"}
{"payload":{"local_timestamp":1639160387169,"stderr":true,"stdout":"module = getmodule(object, file)"},"type":"ws_msg"}
{"payload":{"local_timestamp":1639160387169,"stderr":true,"stdout":"\n"},"type":"ws_msg"}
{"payload":{"local_timestamp":1639160387170,"stderr":true,"stdout":"  File \"/usr/lib/python3.7/inspect.py\", line 742, in getmodule\n"},"type":"ws_msg"}
{"payload":{"local_timestamp":1639160387170,"stderr":true,"stdout":"    "},"type":"ws_msg"}
{"payload":{"local_timestamp":1639160387170,"stderr":true,"stdout":"os.path.realpath(f)] = module.__name__\n  File \"/usr/lib/python3.7/posixpath.py\", line 395, in realpath\n"},"type":"ws_msg"}
{"payload":{"local_timestamp":1639160387170,"stderr":true,"stdout":"    "},"type":"ws_msg"}
{"payload":{"local_timestamp":1639160387170,"stderr":true,"stdout":"path, ok = _joinrealpath(filename[:0], filename, {})"},"type":"ws_msg"}
{"payload":{"local_timestamp":1639160387170,"stderr":true,"stdout":"\n"},"type":"ws_msg"}
{"payload":{"local_timestamp":1639160387171,"stderr":true,"stdout":"  File \"/usr/lib/python3.7/posixpath.py\", line 429, in _joinrealpath\n"},"type":"ws_msg"}
{"payload":{"local_timestamp":1639160387172,"stderr":true,"stdout":"    if not islink(newpath):\n  File \"/usr/lib/python3.7/posixpath.py\", line 171, in islink\n"},"type":"ws_msg"}
{"payload":{"local_timestamp":1639160387172,"stderr":true,"stdout":"    st = os.lstat(path)\n"},"type":"ws_msg"}
{"payload":{"local_timestamp":1639160387172,"stderr":true,"stdout":"KeyboardInterrupt\n\nDuring handling of the above exception, another exception occurred:\n\nTraceback (most recent call last):\n  File \"train.py\", line 127, in <module>\n"},"type":"ws_msg"}
{"payload":{"local_timestamp":1639160387173,"stderr":true,"stdout":"    main(config)\n  File \"train.py\", line 91, in main\n"},"type":"ws_msg"}
{"payload":{"local_timestamp":1639160387174,"stderr":true,"stdout":"    val_criterion=val_loss)\n"},"type":"ws_msg"}
{"payload":{"local_timestamp":1639160387175,"stderr":true,"stdout":"  File \"/content/drive/My Drive/ToDL Project/ConvNet/ConvNorm/trainer/trainer.py\", line 22, in __init__\n"},"type":"ws_msg"}
{"payload":{"local_timestamp":1639160387176,"stderr":true,"stdout":"    super().__init__(model, metrics, optimizer, config, val_criterion)\n  File \"/content/drive/My Drive/ToDL Project/ConvNet/ConvNorm/base/base_trainer.py\", line 33, in __init__\n"},"type":"ws_msg"}
{"payload":{"local_timestamp":1639160387177,"stderr":true,"stdout":"    offline = config['comet']['offline'])\n"},"type":"ws_msg"}
{"payload":{"local_timestamp":1639160387177,"stderr":true,"stdout":"  File \"/content/drive/My Drive/ToDL Project/ConvNet/ConvNorm/logger/visualization.py\", line 62, in __init__\n"},"type":"ws_msg"}
{"payload":{"local_timestamp":1639160387178,"stderr":true,"stdout":"    **self.kwargs,\n  File \"/usr/local/lib/python3.7/dist-packages/comet_ml/offline.py\", line 238, in __init__\n"},"type":"ws_msg"}
{"payload":{"local_timestamp":1639160387179,"stderr":true,"stdout":"    "},"type":"ws_msg"}
{"payload":{"local_timestamp":1639160387179,"stderr":true,"stdout":"self._start()\n"},"type":"ws_msg"}
{"payload":{"local_timestamp":1639160387179,"stderr":true,"stdout":"  File \"/usr/local/lib/python3.7/dist-packages/comet_ml/offline.py\", line 255, in _start\n"},"type":"ws_msg"}
{"payload":{"local_timestamp":1639160387180,"stderr":true,"stdout":"    super(OfflineExperiment, self)._start()\n  File \"/usr/local/lib/python3.7/dist-packages/comet_ml/experiment.py\", line 818, in _start\n"},"type":"ws_msg"}
{"payload":{"local_timestamp":1639160387180,"stderr":true,"stdout":"    "},"type":"ws_msg"}
{"payload":{"local_timestamp":1639160387181,"stderr":true,"stdout":"self._set_code(self._get_source_code(), framework=\"comet\")"},"type":"ws_msg"}
{"payload":{"local_timestamp":1639160387182,"stderr":true,"stdout":"\n  File \"/usr/local/lib/python3.7/dist-packages/comet_ml/experiment.py\", line 3372, in _get_source_code\n"},"type":"ws_msg"}
{"payload":{"local_timestamp":1639160387182,"stderr":true,"stdout":"    return get_caller_source_code()\n  File \"/usr/local/lib/python3.7/dist-packages/comet_ml/env_logging.py\", line 194, in get_caller_source_code\n"},"type":"ws_msg"}
{"payload":{"local_timestamp":1639160387182,"stderr":true,"stdout":"    caller_file_path = get_caller_file_path()"},"type":"ws_msg"}
{"payload":{"local_timestamp":1639160387183,"stderr":true,"stdout":"\n"},"type":"ws_msg"}
{"payload":{"local_timestamp":1639160387183,"stderr":true,"stdout":"  File \"/usr/local/lib/python3.7/dist-packages/comet_ml/env_logging.py\", line 174, in get_caller_file_path\n"},"type":"ws_msg"}
{"payload":{"local_timestamp":1639160387183,"stderr":true,"stdout":"    for frame in inspect.stack(context=1):\n"},"type":"ws_msg"}
{"payload":{"local_timestamp":1639160387184,"stderr":true,"stdout":"  File \"/usr/lib/python3.7/inspect.py\", line 1513, in stack\n"},"type":"ws_msg"}
{"payload":{"local_timestamp":1639160387184,"stderr":true,"stdout":"    return getouterframes(sys._getframe(1), context)\n  File \"/usr/lib/python3.7/inspect.py\", line 1490, in getouterframes\n"},"type":"ws_msg"}
{"payload":{"local_timestamp":1639160387185,"stderr":true,"stdout":"    "},"type":"ws_msg"}
{"payload":{"local_timestamp":1639160387185,"stderr":true,"stdout":"frameinfo = (frame,) + getframeinfo(frame, context)\n"},"type":"ws_msg"}
{"payload":{"local_timestamp":1639160387186,"stderr":true,"stdout":"  File \"/usr/lib/python3.7/inspect.py\", line 1464, in getframeinfo\n"},"type":"ws_msg"}
{"payload":{"local_timestamp":1639160387188,"stderr":true,"stdout":"    "},"type":"ws_msg"}
{"payload":{"local_timestamp":1639160387188,"stderr":true,"stdout":"lines, lnum = findsource(frame)\nKeyboardInterrupt\n"},"type":"ws_msg"}
{"payload":{"local_timestamp":1639160387188,"stderr":true,"stdout":"COMET INFO: ----------------------------------\n"},"type":"ws_msg"}
{"payload":{"local_timestamp":1639160387189,"stderr":true,"stdout":"COMET INFO: Comet.ml OfflineExperiment Summary\n"},"type":"ws_msg"}
{"payload":{"local_timestamp":1639160387189,"stderr":true,"stdout":"COMET INFO: ----------------------------------\n"},"type":"ws_msg"}
{"payload":{"local_timestamp":1639160387189,"stderr":true,"stdout":"COMET INFO:   Data:\n"},"type":"ws_msg"}
{"payload":{"local_timestamp":1639160387189,"stderr":true,"stdout":"COMET INFO:     display_summary_level : 1\n"},"type":"ws_msg"}
{"payload":{"local_timestamp":1639160387189,"stderr":true,"stdout":"COMET INFO:     url                   : [OfflineExperiment will get URL after upload]\n"},"type":"ws_msg"}
{"payload":{"local_timestamp":1639160387190,"stderr":true,"stdout":"COMET INFO:   Uploads:\n"},"type":"ws_msg"}
{"payload":{"local_timestamp":1639160387190,"stderr":true,"stdout":"COMET INFO:     filename : 1\n"},"type":"ws_msg"}
{"payload":{"local_timestamp":1639160387190,"stderr":true,"stdout":"COMET INFO: ----------------------------------\n"},"type":"ws_msg"}
