{"payload":{"fileName":"/content/drive/My Drive/ToDL Project/ConvNet/ConvNorm/train_robust.py","local_timestamp":1639260293757},"type":"ws_msg"}
{"payload":{"code":"import importlib\ntry:\n    from comet_ml import Experiment as CometExperiment\n    from comet_ml import OfflineExperiment as CometOfflineExperiment\nexcept ImportError:  # pragma: no-cover\n    _COMET_AVAILABLE = False\nelse:\n    _COMET_AVAILABLE = True\n\nfrom utils import Timer\nimport torch\nfrom torch import is_tensor\nfrom typing import Any, Dict, Optional, Union\nclass CometWriter:\n    def __init__(\n        self, \n        logger,\n        project_name: Optional[str] = None,\n        experiment_name: Optional[str] = None,\n        api_key: Optional[str] = None, \n        log_dir: Optional[str] = None, \n        offline: bool = False,\n        **kwargs):\n        if not _COMET_AVAILABLE:\n            raise ImportError(\n                \"You want to use `comet_ml` logger which is not installed yet,\"\n                \" install it with `pip install comet-ml`.\"\n            )\n\n        self.project_name = project_name\n        self.experiment_name = experiment_name\n        self.kwargs = kwargs\n\n        self.timer = Timer()\n\n\n        if (api_key is not None) and (log_dir is not None):\n            self.mode = \"offline\" if offline else \"online\"\n            self.api_key = api_key\n            self.log_dir = log_dir\n\n        elif api_key is not None:\n            self.mode = \"online\"\n            self.api_key = api_key\n            self.log_dir = None\n        elif log_dir is not None:\n            self.mode = \"offline\"\n            self.log_dir = log_dir\n        else:\n            logger.warning(\"CometLogger requires either api_key or save_dir during initialization.\")\n\n        if self.mode == \"online\":\n            self.experiment = CometExperiment(\n                api_key=self.api_key,\n                project_name = self.project_name,\n                **self.kwargs,\n            )\n        else:\n            self.experiment = CometOfflineExperiment(\n                offline_directory=self.log_dir,\n                project_name=self.project_name,\n                **self.kwargs,\n            )\n\n        if self.experiment_name:\n            self.experiment.set_name(self.experiment_name)\n\n    def set_step(self, step, epoch = None, mode='train') -> None:\n        self.mode = mode\n        self.step = step\n        self.epoch = epoch\n        if step == 0:\n            self.timer.reset()\n        else:\n            duration = self.timer.check()\n            self.add_scalar({'steps_per_sec': 1 / duration})\n\n    def log_hyperparams(self, params: Dict[str, Any]) -> None:\n        self.experiment.log_parameters(params)\n    \n    def log_code(self, file_name = None, folder = 'models/') -> None:\n        self.experiment.log_code(file_name=file_name, folder=folder)\n\n\n    def add_scalar(self, metrics: Dict[str, Union[torch.Tensor, float]], step: Optional[int] = None, epoch: Optional[int] = None) -> None:\n        metrics_renamed = {}\n        for key, val in metrics.items():\n            tag = '{}/{}'.format(key, self.mode)\n            if is_tensor(val):\n                metrics_renamed[tag] = val.cpu().detach()\n            else:\n                metrics_renamed[tag] = val\n        if epoch is None:\n            self.experiment.log_metrics(metrics_renamed, step=self.step, epoch=self.epoch)\n        else:\n            self.experiment.log_metrics(metrics_renamed, epoch=epoch)\n\n    def add_plot(self, figure_name, figure):\n        \"\"\"\n        Primarily for log gate plots\n        \"\"\"\n        self.experiment.log_figure(figure_name = figure_name, figure = figure)\n\n    def add_hist3d(self, hist, name):\n        \"\"\"\n        Primarily for log gate plots\n        \"\"\"\n        self.experiment.log_histogram_3d(hist, name = name)\n\n    def reset_experiment(self):\n        self.experiment = None\n\n    def finalize(self) -> None:\n        self.experiment.end()\n        self.reset_experiment()\n                    \n\nclass TensorboardWriter:\n    def __init__(self, log_dir, logger, enabled):\n        self.writer = None\n        self.selected_module = \"\"\n\n        if enabled:\n            log_dir = str(log_dir)\n\n            # Retrieve vizualization writer.\n            succeeded = False\n            for module in [\"torch.utils.tensorboard\", \"tensorboardX\"]:\n                try:\n                    self.writer = importlib.import_module(module).SummaryWriter(log_dir)\n                    succeeded = True\n                    break\n                except ImportError:\n                    succeeded = False\n                self.selected_module = module\n\n            if not succeeded:\n                message = \"Warning: visualization (Tensorboard) is configured to use, but currently not installed on \" \\\n                    \"this machine. Please install either TensorboardX with 'pip install tensorboardx', upgrade \" \\\n                    \"PyTorch to version >= 1.1 for using 'torch.utils.tensorboard' or turn off the option in \" \\\n                    \"the 'config.json' file.\"\n                logger.warning(message)\n\n        self.step = 0\n        self.mode = ''\n\n        self.tb_writer_ftns = {\n            'add_scalar', 'add_scalars', 'add_image', 'add_images', 'add_audio',\n            'add_text', 'add_histogram', 'add_pr_curve', 'add_embedding'\n        }\n        self.tag_mode_exceptions = {'add_histogram', 'add_embedding'}\n            \n        self.timer = Timer()\n\n    def set_step(self, step, mode='train'):\n        self.mode = mode\n        self.step = step\n        if step == 0:\n            self.timer.reset()\n        else:\n            duration = self.timer.check()\n            self.add_scalar('steps_per_sec', 1 / duration)\n\n    def __getattr__(self, name):\n        \"\"\"\n        If visualization is configured to use:\n            return add_data() methods of tensorboard with additional information (step, tag) added.\n        Otherwise:\n            return a blank function handle that does nothing\n        \"\"\"\n        if name in self.tb_writer_ftns:\n            add_data = getattr(self.writer, name, None)\n\n            def wrapper(metric_dict, *args, **kwargs):\n                tag = list(metric_dict.keys())[0]\n                data = metric_dict[tag]\n                if add_data is not None:\n                    # add mode(train/valid) tag\n                    if name not in self.tag_mode_exceptions:\n                        tag = '{}/{}'.format(tag, self.mode)\n                    add_data(tag, data, self.step, *args, **kwargs)\n            return wrapper\n        else:\n            # default action for returning methods defined in this class, set_step() for instance.\n            try:\n                attr = object.__getattr__(name)\n            except AttributeError:\n                raise AttributeError(\"type object '{}' has no attribute '{}'\".format(self.selected_module, name))\n            return attr\n","local_timestamp":1639260295359},"type":"ws_msg"}
{"payload":{"local_timestamp":1639260299113,"stderr":true,"stdout":"Traceback (most recent call last):\n  File \"train_robust.py\", line 134, in <module>\n"},"type":"ws_msg"}
{"payload":{"local_timestamp":1639260299113,"stderr":true,"stdout":"    main(config)\n  File \"train_robust.py\", line 93, in main\n"},"type":"ws_msg"}
{"payload":{"local_timestamp":1639260299114,"stderr":true,"stdout":"    val_criterion=val_loss)\n  File \"/content/drive/My Drive/ToDL Project/ConvNet/ConvNorm/trainer/adv_trainer.py\", line 22, in __init__\n"},"type":"ws_msg"}
{"payload":{"local_timestamp":1639260299116,"stderr":true,"stdout":"    super().__init__(model, metrics, optimizer, config, val_criterion)\n  File \"/content/drive/My Drive/ToDL Project/ConvNet/ConvNorm/base/base_trainer.py\", line 33, in __init__\n"},"type":"ws_msg"}
{"payload":{"local_timestamp":1639260299117,"stderr":true,"stdout":"    offline = config['comet']['offline'])\n  File \"/content/drive/My Drive/ToDL Project/ConvNet/ConvNorm/logger/visualization.py\", line 62, in __init__\n"},"type":"ws_msg"}
{"payload":{"local_timestamp":1639260299121,"stderr":true,"stdout":"    **self.kwargs,\n  File \"/usr/local/lib/python3.7/dist-packages/comet_ml/offline.py\", line 238, in __init__\n    self._start()\n  File \"/usr/local/lib/python3.7/dist-packages/comet_ml/offline.py\", line 255, in _start\n    super(OfflineExperiment, self)._start()\n  File \"/usr/local/lib/python3.7/dist-packages/comet_ml/experiment.py\", line 824, in _start\n    self._set_git_metadata()\n  File \"/usr/local/lib/python3.7/dist-packages/comet_ml/experiment.py\", line 3406, in _set_git_metadata\n    git_metadata = get_git_metadata(current_path)\n  File \"/usr/local/lib/python3.7/dist-packages/comet_ml/git_logging.py\", line 334, in get_git_metadata\n    \"root\": get_root(repo),\n  File \"/usr/local/lib/python3.7/dist-packages/comet_ml/git_logging.py\", line 73, in get_root\n    if len(repo.get_refs()) == 0:\n  File \"/usr/local/lib/python3.7/dist-packages/dulwich/repo.py\", line 586, in get_refs\n    return self.refs.as_dict()\n  File \"/usr/local/lib/python3.7/dist-packages/dulwich/refs.py\", line 230, in as_dict\n    ret[key] = self[(base"},"type":"ws_msg"}
{"payload":{"local_timestamp":1639260299122,"stderr":true,"stdout":" + b\"/\" + key).strip(b\"/\")]\n  File \"/usr/local/lib/python3.7/dist-packages/dulwich/refs.py\", line 319, in __getitem__\n    _, sha = self.follow(name)\n  File \"/usr/local/lib/python3.7/dist-packages/dulwich/refs.py\", line 289, in follow\n    contents = self.read_ref(refname)\n  File \"/usr/local/lib/python3.7/dist-packages/dulwich/refs.py\", line 262, in read_ref\n    contents = self.read_loose_ref(refname)\n  File \"/usr/local/lib/python3.7/dist-packages/dulwich/refs.py\", line 819, in read_loose_ref\n    header = f.read(len(SYMREF))\nKeyboardInterrupt\nCOMET INFO: ----------------------------------\nCOMET INFO: Comet.ml OfflineExperiment Summary\nCOMET INFO: ----------------------------------\nCOMET INFO:   Data:\nCOMET INFO:     display_summary_level : 1\nCOMET INFO:     url                   : [OfflineExperiment will get URL after upload]\nCOMET INFO:   Uploads:\nCOMET INFO:     filename : 1\nCOMET INFO: ----------------------------------\n"},"type":"ws_msg"}
